{
	"credit": "Made by Vega_Senpai",
	"textures": {
		"1": "spawn_egg/vex",
		"2": "spawn_egg/iron_sword"
	},
	"elements": [
		{
			"name": "body",
			"from": [4, 1, -0.25],
			"to": [12, 13, 3.75],
			"shade": false,
			"rotation": {"angle": 22.5, "axis": "x", "origin": [0, -5, 3.75]},
			"faces": {
				"north": {"uv": [5, 5, 7, 8], "texture": "#1"},
				"east": {"uv": [4, 5, 5, 8], "texture": "#1"},
				"south": {"uv": [8, 5, 10, 8], "texture": "#1"},
				"west": {"uv": [7, 5, 8, 8], "texture": "#1"},
				"up": {"uv": [7, 5, 5, 4], "texture": "#1"},
				"down": {"uv": [9, 4, 7, 5], "texture": "#1"}
			}
		},
		{
			"name": "head",
			"from": [4, 13, -2.25],
			"to": [12, 21, 5.75],
			"shade": false,
			"rotation": {"angle": 22.5, "axis": "x", "origin": [0, -5, 3.75]},
			"faces": {
				"north": {"uv": [2, 2, 4, 4], "texture": "#1"},
				"east": {"uv": [0, 2, 2, 4], "texture": "#1"},
				"south": {"uv": [6, 2, 8, 4], "texture": "#1"},
				"west": {"uv": [4, 2, 6, 4], "texture": "#1"},
				"up": {"uv": [4, 2, 2, 0], "texture": "#1"},
				"down": {"uv": [6, 0, 4, 2], "texture": "#1"}
			}
		},
		{
			"name": "rightarm",
			"from": [0, 1, -0.25],
			"to": [4, 13, 3.75],
			"shade": false,
			"rotation": {"angle": 22.5, "axis": "x", "origin": [16, -5, 3.75]},
			"faces": {
				"north": {"uv": [12, 5, 11, 8], "texture": "#1"},
				"east": {"uv": [13, 5, 12, 8], "texture": "#1"},
				"south": {"uv": [14, 5, 13, 8], "texture": "#1"},
				"west": {"uv": [11, 5, 10, 8], "texture": "#1"},
				"up": {"uv": [11, 5, 12, 4], "texture": "#1"},
				"down": {"uv": [12, 4, 13, 5], "texture": "#1"}
			}
		},
		{
			"name": "leftarm",
			"from": [12, -1, -6.25],
			"to": [16, 11, -2.25],
			"rotation": {"angle": 45, "axis": "x", "origin": [16, -5, 3.75]},
			"faces": {
				"north": {"uv": [11, 5, 12, 8], "texture": "#1"},
				"east": {"uv": [10, 5, 11, 8], "texture": "#1"},
				"south": {"uv": [13, 5, 14, 8], "texture": "#1"},
				"west": {"uv": [12, 5, 13, 8], "texture": "#1"},
				"up": {"uv": [12, 5, 11, 4], "texture": "#1"},
				"down": {"uv": [13, 4, 12, 5], "texture": "#1"}
			}
		},
		{
			"name": "leg0",
			"from": [4.9, -8.2, 2.45],
			"to": [10.9, 1.8, 6.45],
			"shade": false,
			"rotation": {"angle": 0, "axis": "x", "origin": [0, -3.2, 12.45]},
			"faces": {
				"north": {"uv": [10.5, 1, 9, 3.5], "texture": "#1"},
				"east": {"uv": [11.5, 1, 10.5, 3.5], "texture": "#1"},
				"south": {"uv": [13, 1, 11.5, 3.5], "texture": "#1"},
				"west": {"uv": [9, 1, 8, 3.5], "texture": "#1"},
				"up": {"uv": [10.5, 1, 9, 0], "texture": "#1"},
				"down": {"uv": [12, 0, 10.5, 1], "texture": "#1"}
			}
		},
		{
			"name": "leftwing",
			"from": [4.32995, -1, 12.45158],
			"to": [24.32995, 11, 12.46158],
			"rotation": {"angle": -22.5, "axis": "y", "origin": [12.32995, -5, 20.45158]},
			"faces": {
				"north": {"uv": [0.25, 8.25, 5.25, 11.25], "texture": "#1"},
				"east": {"uv": [0, 0, 0, 0], "texture": "#1"},
				"south": {"uv": [5.25, 8.25, 0.25, 11.25], "texture": "#1"},
				"west": {"uv": [0, 0, 0, 0], "texture": "#1"},
				"up": {"uv": [0, 0, 0, 0], "texture": "#1"},
				"down": {"uv": [0, 0, 0, 0], "texture": "#1"}
			}
		},
		{
			"name": "leftwing",
			"from": [-8.32995, -1, 12.45158],
			"to": [11.67005, 11, 12.46158],
			"shade": false,
			"rotation": {"angle": 22.5, "axis": "y", "origin": [3.67005, -5, 20.45158]},
			"faces": {
				"north": {"uv": [5.25, 8.25, 0.25, 11.25], "texture": "#1"},
				"east": {"uv": [0, 0, 0, 0], "texture": "#1"},
				"south": {"uv": [0.25, 8.25, 5.25, 11.25], "texture": "#1"},
				"west": {"uv": [0, 0, 0, 0], "texture": "#1"},
				"up": {"uv": [0, 0, 0, 0], "texture": "#1"},
				"down": {"uv": [0, 0, 0, 0], "texture": "#1"}
			}
		},
		{
			"from": [13.5, 15.675, -9.475],
			"to": [14.4, 16.575, -8.575],
			"rotation": {"angle": 0, "axis": "x", "origin": [21.5, 23.675, -15.675]},
			"faces": {
				"north": {"uv": [15, 0, 16, 1], "texture": "#2"},
				"east": {"uv": [15, 0, 16, 1], "rotation": 270, "texture": "#2"},
				"south": {"uv": [15, 0, 16, 1], "rotation": 180, "texture": "#2"},
				"west": {"uv": [15, 0, 16, 1], "rotation": 90, "texture": "#2"},
				"up": {"uv": [15, 0, 16, 1], "texture": "#2"},
				"down": {"uv": [15, 0, 16, 1], "rotation": 180, "texture": "#2"}
			}
		},
		{
			"from": [13.5, 13.875, -9.475],
			"to": [14.4, 14.775, -8.575],
			"rotation": {"angle": 0, "axis": "x", "origin": [21.5, 21.875, -15.675]},
			"faces": {
				"north": {"uv": [13, 0, 14, 1], "texture": "#2"},
				"east": {"uv": [13, 0, 14, 1], "rotation": 270, "texture": "#2"},
				"south": {"uv": [13, 0, 14, 1], "rotation": 180, "texture": "#2"},
				"west": {"uv": [13, 0, 14, 1], "rotation": 90, "texture": "#2"},
				"up": {"uv": [13, 0, 14, 1], "texture": "#2"},
				"down": {"uv": [13, 0, 14, 1], "rotation": 180, "texture": "#2"}
			}
		},
		{
			"from": [13.5, 12.975, -8.575],
			"to": [14.4, 13.875, -7.675],
			"rotation": {"angle": 0, "axis": "x", "origin": [21.5, 20.975, -14.775]},
			"faces": {
				"north": {"uv": [12, 1, 13, 2], "texture": "#2"},
				"east": {"uv": [12, 1, 13, 2], "rotation": 270, "texture": "#2"},
				"south": {"uv": [12, 1, 13, 2], "rotation": 180, "texture": "#2"},
				"west": {"uv": [12, 1, 13, 2], "rotation": 90, "texture": "#2"},
				"up": {"uv": [12, 1, 13, 2], "texture": "#2"},
				"down": {"uv": [12, 1, 13, 2], "rotation": 180, "texture": "#2"}
			}
		},
		{
			"from": [13.5, 12.075, -7.675],
			"to": [14.4, 12.975, -6.775],
			"rotation": {"angle": 0, "axis": "x", "origin": [21.5, 20.075, -13.875]},
			"faces": {
				"north": {"uv": [11, 2, 12, 3], "texture": "#2"},
				"east": {"uv": [11, 2, 12, 3], "rotation": 270, "texture": "#2"},
				"south": {"uv": [11, 2, 12, 3], "rotation": 180, "texture": "#2"},
				"west": {"uv": [11, 2, 12, 3], "rotation": 90, "texture": "#2"},
				"up": {"uv": [11, 2, 12, 3], "texture": "#2"},
				"down": {"uv": [11, 2, 12, 3], "rotation": 180, "texture": "#2"}
			}
		},
		{
			"from": [13.5, 11.175, -6.775],
			"to": [14.4, 12.075, -5.875],
			"rotation": {"angle": 0, "axis": "x", "origin": [21.5, 19.175, -12.975]},
			"faces": {
				"north": {"uv": [10, 3, 11, 4], "texture": "#2"},
				"east": {"uv": [10, 3, 11, 4], "rotation": 270, "texture": "#2"},
				"south": {"uv": [10, 3, 11, 4], "rotation": 180, "texture": "#2"},
				"west": {"uv": [10, 3, 11, 4], "rotation": 90, "texture": "#2"},
				"up": {"uv": [10, 3, 11, 4], "texture": "#2"},
				"down": {"uv": [10, 3, 11, 4], "rotation": 180, "texture": "#2"}
			}
		},
		{
			"from": [13.5, 9.375, -4.975],
			"to": [14.4, 10.275, -4.075],
			"rotation": {"angle": 0, "axis": "x", "origin": [21.5, 17.375, -11.175]},
			"faces": {
				"north": {"uv": [8, 5, 9, 6], "texture": "#2"},
				"east": {"uv": [8, 5, 9, 6], "rotation": 270, "texture": "#2"},
				"south": {"uv": [8, 5, 9, 6], "rotation": 180, "texture": "#2"},
				"west": {"uv": [8, 5, 9, 6], "rotation": 90, "texture": "#2"},
				"up": {"uv": [8, 5, 9, 6], "texture": "#2"},
				"down": {"uv": [8, 5, 9, 6], "rotation": 180, "texture": "#2"}
			}
		},
		{
			"from": [13.5, 7.575, -3.175],
			"to": [14.4, 8.475, -2.275],
			"rotation": {"angle": 0, "axis": "x", "origin": [21.5, 15.575, -9.375]},
			"faces": {
				"north": {"uv": [6, 7, 7, 8], "texture": "#2"},
				"east": {"uv": [6, 7, 7, 8], "rotation": 270, "texture": "#2"},
				"south": {"uv": [6, 7, 7, 8], "rotation": 180, "texture": "#2"},
				"west": {"uv": [6, 7, 7, 8], "rotation": 90, "texture": "#2"},
				"up": {"uv": [6, 7, 7, 8], "texture": "#2"},
				"down": {"uv": [6, 7, 7, 8], "rotation": 180, "texture": "#2"}
			}
		},
		{
			"from": [13.5, 5.775, -3.175],
			"to": [14.4, 6.675, -2.275],
			"rotation": {"angle": 0, "axis": "x", "origin": [21.5, 13.775, -9.375]},
			"faces": {
				"north": {"uv": [4, 7, 5, 8], "texture": "#2"},
				"east": {"uv": [4, 7, 5, 8], "rotation": 270, "texture": "#2"},
				"south": {"uv": [4, 7, 5, 8], "rotation": 180, "texture": "#2"},
				"west": {"uv": [4, 7, 5, 8], "rotation": 90, "texture": "#2"},
				"up": {"uv": [4, 7, 5, 8], "texture": "#2"},
				"down": {"uv": [4, 7, 5, 8], "rotation": 180, "texture": "#2"}
			}
		},
		{
			"from": [13.5, 4.875, -4.075],
			"to": [14.4, 5.775, -3.175],
			"rotation": {"angle": 0, "axis": "x", "origin": [21.5, 12.875, -10.275]},
			"faces": {
				"north": {"uv": [3, 6, 4, 7], "texture": "#2"},
				"east": {"uv": [3, 6, 4, 7], "rotation": 270, "texture": "#2"},
				"south": {"uv": [3, 6, 4, 7], "rotation": 180, "texture": "#2"},
				"west": {"uv": [3, 6, 4, 7], "rotation": 90, "texture": "#2"},
				"up": {"uv": [3, 6, 4, 7], "texture": "#2"},
				"down": {"uv": [3, 7, 4, 8], "rotation": 180, "texture": "#2"}
			}
		},
		{
			"from": [13.5, 3.975, -4.075],
			"to": [14.4, 4.875, -3.175],
			"rotation": {"angle": 0, "axis": "x", "origin": [21.5, 11.975, -10.275]},
			"faces": {
				"north": {"uv": [2, 6, 3, 7], "texture": "#2"},
				"east": {"uv": [2, 6, 3, 7], "rotation": 270, "texture": "#2"},
				"south": {"uv": [2, 6, 3, 7], "rotation": 180, "texture": "#2"},
				"west": {"uv": [2, 6, 3, 7], "rotation": 90, "texture": "#2"},
				"up": {"uv": [2, 6, 3, 7], "texture": "#2"},
				"down": {"uv": [2, 6, 3, 7], "rotation": 180, "texture": "#2"}
			}
		},
		{
			"from": [13.5, 3.975, -3.175],
			"to": [14.4, 4.875, -2.275],
			"rotation": {"angle": 0, "axis": "x", "origin": [21.5, 11.975, -9.375]},
			"faces": {
				"north": {"uv": [2, 7, 3, 8], "texture": "#2"},
				"east": {"uv": [2, 7, 3, 8], "rotation": 270, "texture": "#2"},
				"south": {"uv": [2, 7, 3, 8], "rotation": 180, "texture": "#2"},
				"west": {"uv": [2, 7, 3, 8], "rotation": 90, "texture": "#2"},
				"up": {"uv": [2, 7, 3, 8], "texture": "#2"},
				"down": {"uv": [2, 7, 3, 8], "rotation": 180, "texture": "#2"}
			}
		},
		{
			"from": [13.5, 4.875, -2.275],
			"to": [14.4, 5.775, -1.375],
			"rotation": {"angle": 0, "axis": "x", "origin": [21.5, 12.875, -8.475]},
			"faces": {
				"north": {"uv": [3, 8, 4, 9], "texture": "#2"},
				"east": {"uv": [3, 8, 4, 9], "rotation": 270, "texture": "#2"},
				"south": {"uv": [3, 8, 4, 9], "rotation": 180, "texture": "#2"},
				"west": {"uv": [3, 8, 4, 9], "rotation": 90, "texture": "#2"},
				"up": {"uv": [3, 8, 4, 9], "texture": "#2"},
				"down": {"uv": [3, 8, 4, 9], "rotation": 180, "texture": "#2"}
			}
		},
		{
			"from": [13.5, 4.875, -1.375],
			"to": [14.4, 5.775, -0.475],
			"rotation": {"angle": 0, "axis": "x", "origin": [21.5, 12.875, -7.575]},
			"faces": {
				"north": {"uv": [3, 9, 4, 10], "texture": "#2"},
				"east": {"uv": [3, 9, 4, 10], "rotation": 270, "texture": "#2"},
				"south": {"uv": [3, 9, 4, 10], "rotation": 180, "texture": "#2"},
				"west": {"uv": [3, 9, 4, 10], "rotation": 90, "texture": "#2"},
				"up": {"uv": [3, 9, 4, 10], "texture": "#2"},
				"down": {"uv": [3, 9, 4, 10], "rotation": 180, "texture": "#2"}
			}
		},
		{
			"from": [13.5, 5.775, -0.475],
			"to": [14.4, 6.675, 0.425],
			"rotation": {"angle": 0, "axis": "x", "origin": [21.5, 13.775, -6.675]},
			"faces": {
				"north": {"uv": [4, 10, 5, 11], "texture": "#2"},
				"east": {"uv": [4, 10, 5, 11], "rotation": 270, "texture": "#2"},
				"south": {"uv": [4, 10, 5, 11], "rotation": 180, "texture": "#2"},
				"west": {"uv": [4, 10, 5, 11], "rotation": 90, "texture": "#2"},
				"up": {"uv": [4, 10, 5, 11], "texture": "#2"},
				"down": {"uv": [4, 10, 5, 11], "rotation": 180, "texture": "#2"}
			}
		},
		{
			"from": [13.5, 4.875, 0.425],
			"to": [14.4, 5.775, 1.325],
			"rotation": {"angle": 0, "axis": "x", "origin": [21.5, 12.875, -5.775]},
			"faces": {
				"north": {"uv": [3, 11, 4, 12], "texture": "#2"},
				"east": {"uv": [3, 11, 4, 12], "rotation": 270, "texture": "#2"},
				"south": {"uv": [3, 11, 4, 12], "rotation": 180, "texture": "#2"},
				"west": {"uv": [3, 11, 4, 12], "rotation": 90, "texture": "#2"},
				"up": {"uv": [3, 11, 4, 12], "texture": "#2"},
				"down": {"uv": [3, 11, 4, 12], "rotation": 180, "texture": "#2"}
			}
		},
		{
			"from": [13.5, 5.775, 1.325],
			"to": [14.4, 6.675, 2.225],
			"rotation": {"angle": 0, "axis": "x", "origin": [21.5, 13.775, -4.875]},
			"faces": {
				"north": {"uv": [4, 12, 5, 13], "texture": "#2"},
				"east": {"uv": [4, 12, 5, 13], "rotation": 270, "texture": "#2"},
				"south": {"uv": [4, 12, 5, 13], "rotation": 180, "texture": "#2"},
				"west": {"uv": [4, 12, 5, 13], "rotation": 90, "texture": "#2"},
				"up": {"uv": [4, 12, 5, 13], "texture": "#2"},
				"down": {"uv": [4, 12, 5, 13], "rotation": 180, "texture": "#2"}
			}
		},
		{
			"from": [13.5, 4.875, 2.225],
			"to": [14.4, 5.775, 3.125],
			"rotation": {"angle": 0, "axis": "x", "origin": [21.5, 12.875, -3.975]},
			"faces": {
				"north": {"uv": [3, 13, 4, 14], "texture": "#2"},
				"east": {"uv": [3, 13, 4, 14], "rotation": 270, "texture": "#2"},
				"south": {"uv": [3, 13, 4, 14], "rotation": 180, "texture": "#2"},
				"west": {"uv": [3, 13, 4, 14], "rotation": 90, "texture": "#2"},
				"up": {"uv": [3, 13, 4, 14], "texture": "#2"},
				"down": {"uv": [3, 13, 4, 14], "rotation": 180, "texture": "#2"}
			}
		},
		{
			"from": [13.5, 3.975, 2.225],
			"to": [14.4, 4.875, 3.125],
			"rotation": {"angle": 0, "axis": "x", "origin": [21.5, 11.975, -3.975]},
			"faces": {
				"north": {"uv": [2, 13, 3, 14], "texture": "#2"},
				"east": {"uv": [2, 13, 3, 14], "rotation": 270, "texture": "#2"},
				"south": {"uv": [2, 13, 3, 14], "rotation": 180, "texture": "#2"},
				"west": {"uv": [2, 13, 3, 14], "rotation": 90, "texture": "#2"},
				"up": {"uv": [2, 13, 3, 14], "texture": "#2"},
				"down": {"uv": [2, 13, 3, 14], "rotation": 180, "texture": "#2"}
			}
		},
		{
			"from": [13.5, 3.075, 3.125],
			"to": [14.4, 3.975, 4.025],
			"rotation": {"angle": 0, "axis": "x", "origin": [21.5, 11.075, -3.075]},
			"faces": {
				"north": {"uv": [1, 14, 2, 15], "texture": "#2"},
				"east": {"uv": [1, 14, 2, 15], "rotation": 270, "texture": "#2"},
				"south": {"uv": [1, 14, 2, 15], "rotation": 180, "texture": "#2"},
				"west": {"uv": [1, 14, 2, 15], "rotation": 90, "texture": "#2"},
				"up": {"uv": [1, 14, 2, 15], "texture": "#2"},
				"down": {"uv": [1, 14, 2, 15], "rotation": 180, "texture": "#2"}
			}
		},
		{
			"from": [13.5, 3.975, 3.125],
			"to": [14.4, 4.875, 4.025],
			"rotation": {"angle": 0, "axis": "x", "origin": [21.5, 11.975, -3.075]},
			"faces": {
				"north": {"uv": [2, 14, 3, 15], "texture": "#2"},
				"east": {"uv": [2, 14, 3, 15], "rotation": 270, "texture": "#2"},
				"south": {"uv": [2, 14, 3, 15], "rotation": 180, "texture": "#2"},
				"west": {"uv": [2, 14, 3, 15], "rotation": 90, "texture": "#2"},
				"up": {"uv": [2, 14, 3, 15], "texture": "#2"},
				"down": {"uv": [2, 14, 3, 15], "rotation": 180, "texture": "#2"}
			}
		},
		{
			"from": [13.5, 3.975, 4.025],
			"to": [14.4, 4.875, 4.925],
			"rotation": {"angle": 0, "axis": "x", "origin": [21.5, 11.975, -2.175]},
			"faces": {
				"north": {"uv": [2, 15, 3, 16], "texture": "#2"},
				"east": {"uv": [2, 15, 3, 16], "rotation": 270, "texture": "#2"},
				"south": {"uv": [2, 15, 3, 16], "rotation": 180, "texture": "#2"},
				"west": {"uv": [2, 15, 3, 16], "rotation": 90, "texture": "#2"},
				"up": {"uv": [2, 15, 3, 16], "texture": "#2"},
				"down": {"uv": [2, 15, 3, 16], "rotation": 180, "texture": "#2"}
			}
		},
		{
			"from": [13.5, 3.075, 4.025],
			"to": [14.4, 3.975, 4.925],
			"rotation": {"angle": 0, "axis": "x", "origin": [21.5, 11.075, -2.175]},
			"faces": {
				"north": {"uv": [1, 15, 2, 16], "texture": "#2"},
				"east": {"uv": [1, 15, 2, 16], "rotation": 270, "texture": "#2"},
				"south": {"uv": [1, 15, 2, 16], "rotation": 180, "texture": "#2"},
				"west": {"uv": [1, 15, 2, 16], "rotation": 90, "texture": "#2"},
				"up": {"uv": [1, 15, 2, 16], "texture": "#2"},
				"down": {"uv": [1, 15, 2, 16], "rotation": 180, "texture": "#2"}
			}
		},
		{
			"from": [13.5, 2.175, 4.025],
			"to": [14.4, 3.075, 4.925],
			"rotation": {"angle": 0, "axis": "x", "origin": [21.5, 10.175, -2.175]},
			"faces": {
				"north": {"uv": [0, 15, 1, 16], "texture": "#2"},
				"east": {"uv": [0, 15, 1, 16], "rotation": 270, "texture": "#2"},
				"south": {"uv": [0, 15, 1, 16], "rotation": 180, "texture": "#2"},
				"west": {"uv": [0, 15, 1, 16], "rotation": 90, "texture": "#2"},
				"up": {"uv": [0, 15, 1, 16], "texture": "#2"},
				"down": {"uv": [0, 15, 1, 16], "rotation": 180, "texture": "#2"}
			}
		},
		{
			"from": [13.5, 2.175, 3.125],
			"to": [14.4, 3.075, 4.025],
			"rotation": {"angle": 0, "axis": "x", "origin": [21.5, 10.175, -3.075]},
			"faces": {
				"north": {"uv": [0, 14, 1, 15], "texture": "#2"},
				"east": {"uv": [0, 14, 1, 15], "rotation": 270, "texture": "#2"},
				"south": {"uv": [0, 14, 1, 15], "rotation": 180, "texture": "#2"},
				"west": {"uv": [0, 14, 1, 15], "rotation": 90, "texture": "#2"},
				"up": {"uv": [0, 14, 1, 15], "texture": "#2"},
				"down": {"uv": [0, 14, 1, 15], "rotation": 180, "texture": "#2"}
			}
		},
		{
			"from": [13.5, 2.175, 2.225],
			"to": [14.4, 3.075, 3.125],
			"rotation": {"angle": 0, "axis": "x", "origin": [21.5, 10.175, -3.975]},
			"faces": {
				"north": {"uv": [0, 13, 1, 14], "texture": "#2"},
				"east": {"uv": [0, 13, 1, 14], "rotation": 270, "texture": "#2"},
				"south": {"uv": [0, 13, 1, 14], "rotation": 180, "texture": "#2"},
				"west": {"uv": [0, 13, 1, 14], "rotation": 90, "texture": "#2"},
				"up": {"uv": [0, 13, 1, 14], "texture": "#2"},
				"down": {"uv": [0, 13, 1, 14], "rotation": 180, "texture": "#2"}
			}
		},
		{
			"from": [13.5, 3.075, 2.225],
			"to": [14.4, 3.975, 3.125],
			"rotation": {"angle": 0, "axis": "x", "origin": [21.5, 11.075, -3.975]},
			"faces": {
				"north": {"uv": [1, 13, 2, 14], "texture": "#2"},
				"east": {"uv": [1, 13, 2, 14], "rotation": 270, "texture": "#2"},
				"south": {"uv": [1, 13, 2, 14], "rotation": 180, "texture": "#2"},
				"west": {"uv": [1, 13, 2, 14], "rotation": 90, "texture": "#2"},
				"up": {"uv": [1, 13, 2, 14], "texture": "#2"},
				"down": {"uv": [1, 13, 2, 14], "rotation": 180, "texture": "#2"}
			}
		},
		{
			"from": [13.5, 4.875, 1.325],
			"to": [14.4, 5.775, 2.225],
			"rotation": {"angle": 0, "axis": "x", "origin": [21.5, 12.875, -4.875]},
			"faces": {
				"north": {"uv": [3, 12, 4, 13], "texture": "#2"},
				"east": {"uv": [3, 12, 4, 13], "rotation": 270, "texture": "#2"},
				"south": {"uv": [3, 12, 4, 13], "rotation": 180, "texture": "#2"},
				"west": {"uv": [3, 12, 4, 13], "rotation": 90, "texture": "#2"},
				"up": {"uv": [3, 12, 4, 13], "texture": "#2"},
				"down": {"uv": [3, 12, 4, 13], "rotation": 180, "texture": "#2"}
			}
		},
		{
			"from": [13.5, 5.775, 0.425],
			"to": [14.4, 6.675, 1.325],
			"rotation": {"angle": 0, "axis": "x", "origin": [21.5, 13.775, -5.775]},
			"faces": {
				"north": {"uv": [4, 11, 5, 12], "texture": "#2"},
				"east": {"uv": [4, 11, 5, 12], "rotation": 270, "texture": "#2"},
				"south": {"uv": [4, 11, 5, 12], "rotation": 180, "texture": "#2"},
				"west": {"uv": [4, 11, 5, 12], "rotation": 90, "texture": "#2"},
				"up": {"uv": [4, 11, 5, 12], "texture": "#2"},
				"down": {"uv": [4, 11, 5, 12], "rotation": 180, "texture": "#2"}
			}
		},
		{
			"from": [13.5, 3.975, 1.325],
			"to": [14.4, 4.875, 2.225],
			"rotation": {"angle": 0, "axis": "x", "origin": [21.5, 11.975, -4.875]},
			"faces": {
				"north": {"uv": [2, 12, 3, 13], "texture": "#2"},
				"east": {"uv": [2, 12, 3, 13], "rotation": 270, "texture": "#2"},
				"south": {"uv": [2, 12, 3, 13], "rotation": 180, "texture": "#2"},
				"west": {"uv": [2, 12, 3, 13], "rotation": 90, "texture": "#2"},
				"up": {"uv": [2, 12, 3, 13], "texture": "#2"},
				"down": {"uv": [2, 12, 3, 13], "rotation": 180, "texture": "#2"}
			}
		},
		{
			"from": [13.5, 6.675, -2.275],
			"to": [14.4, 7.575, -1.375],
			"rotation": {"angle": 0, "axis": "x", "origin": [21.5, 14.675, -8.475]},
			"faces": {
				"north": {"uv": [5, 8, 6, 9], "texture": "#2"},
				"east": {"uv": [5, 8, 6, 9], "rotation": 270, "texture": "#2"},
				"south": {"uv": [5, 8, 6, 9], "rotation": 180, "texture": "#2"},
				"west": {"uv": [5, 8, 6, 9], "rotation": 90, "texture": "#2"},
				"up": {"uv": [5, 8, 6, 9], "texture": "#2"},
				"down": {"uv": [5, 8, 6, 9], "rotation": 180, "texture": "#2"}
			}
		},
		{
			"from": [13.5, 8.475, -4.075],
			"to": [14.4, 9.375, -3.175],
			"rotation": {"angle": 0, "axis": "x", "origin": [21.5, 16.475, -10.275]},
			"faces": {
				"north": {"uv": [7, 6, 8, 7], "texture": "#2"},
				"east": {"uv": [7, 6, 8, 7], "rotation": 270, "texture": "#2"},
				"south": {"uv": [7, 6, 8, 7], "rotation": 180, "texture": "#2"},
				"west": {"uv": [7, 6, 8, 7], "rotation": 90, "texture": "#2"},
				"up": {"uv": [7, 6, 8, 7], "texture": "#2"},
				"down": {"uv": [7, 6, 8, 7], "rotation": 180, "texture": "#2"}
			}
		},
		{
			"from": [13.5, 10.275, -5.875],
			"to": [14.4, 11.175, -4.975],
			"rotation": {"angle": 0, "axis": "x", "origin": [21.5, 18.275, -12.075]},
			"faces": {
				"north": {"uv": [9, 4, 10, 5], "texture": "#2"},
				"east": {"uv": [9, 4, 10, 5], "rotation": 270, "texture": "#2"},
				"south": {"uv": [9, 4, 10, 5], "rotation": 180, "texture": "#2"},
				"west": {"uv": [9, 4, 10, 5], "rotation": 90, "texture": "#2"},
				"up": {"uv": [9, 4, 10, 5], "texture": "#2"},
				"down": {"uv": [9, 4, 10, 5], "rotation": 180, "texture": "#2"}
			}
		},
		{
			"from": [13.5, 14.775, -9.475],
			"to": [14.4, 15.675, -8.575],
			"rotation": {"angle": 0, "axis": "x", "origin": [21.5, 22.775, -15.675]},
			"faces": {
				"north": {"uv": [14, 0, 15, 1], "texture": "#2"},
				"east": {"uv": [14, 0, 15, 1], "rotation": 270, "texture": "#2"},
				"south": {"uv": [14, 0, 15, 1], "rotation": 180, "texture": "#2"},
				"west": {"uv": [14, 0, 15, 1], "rotation": 90, "texture": "#2"},
				"up": {"uv": [14, 0, 15, 1], "texture": "#2"},
				"down": {"uv": [14, 0, 15, 1], "rotation": 180, "texture": "#2"}
			}
		},
		{
			"from": [13.5, 15.675, -8.575],
			"to": [14.4, 16.575, -7.675],
			"rotation": {"angle": 0, "axis": "x", "origin": [21.5, 23.675, -14.775]},
			"faces": {
				"north": {"uv": [15, 1, 16, 2], "texture": "#2"},
				"east": {"uv": [15, 1, 16, 2], "rotation": 270, "texture": "#2"},
				"south": {"uv": [15, 1, 16, 2], "rotation": 180, "texture": "#2"},
				"west": {"uv": [15, 1, 16, 2], "rotation": 90, "texture": "#2"},
				"up": {"uv": [15, 1, 16, 2], "texture": "#2"},
				"down": {"uv": [15, 1, 16, 2], "rotation": 180, "texture": "#2"}
			}
		},
		{
			"from": [13.5, 14.775, -8.575],
			"to": [14.4, 15.675, -7.675],
			"rotation": {"angle": 0, "axis": "x", "origin": [21.5, 22.775, -14.775]},
			"faces": {
				"north": {"uv": [14, 1, 15, 2], "texture": "#2"},
				"east": {"uv": [14, 1, 15, 2], "rotation": 270, "texture": "#2"},
				"south": {"uv": [14, 1, 15, 2], "rotation": 180, "texture": "#2"},
				"west": {"uv": [14, 1, 15, 2], "rotation": 90, "texture": "#2"},
				"up": {"uv": [14, 1, 15, 2], "texture": "#2"},
				"down": {"uv": [14, 1, 15, 2], "rotation": 180, "texture": "#2"}
			}
		},
		{
			"from": [13.5, 14.775, -7.675],
			"to": [14.4, 15.675, -6.775],
			"rotation": {"angle": 0, "axis": "x", "origin": [21.5, 22.775, -13.875]},
			"faces": {
				"north": {"uv": [14, 2, 15, 3], "texture": "#2"},
				"east": {"uv": [14, 2, 15, 3], "rotation": 270, "texture": "#2"},
				"south": {"uv": [14, 2, 15, 3], "rotation": 180, "texture": "#2"},
				"west": {"uv": [14, 2, 15, 3], "rotation": 90, "texture": "#2"},
				"up": {"uv": [14, 2, 15, 3], "texture": "#2"},
				"down": {"uv": [14, 2, 15, 3], "rotation": 180, "texture": "#2"}
			}
		},
		{
			"from": [13.5, 13.875, -8.575],
			"to": [14.4, 14.775, -7.675],
			"rotation": {"angle": 0, "axis": "x", "origin": [21.5, 21.875, -14.775]},
			"faces": {
				"north": {"uv": [13, 1, 14, 2], "texture": "#2"},
				"east": {"uv": [13, 1, 14, 2], "rotation": 270, "texture": "#2"},
				"south": {"uv": [13, 1, 14, 2], "rotation": 180, "texture": "#2"},
				"west": {"uv": [13, 1, 14, 2], "rotation": 90, "texture": "#2"},
				"up": {"uv": [13, 1, 14, 2], "texture": "#2"},
				"down": {"uv": [13, 1, 14, 2], "rotation": 180, "texture": "#2"}
			}
		},
		{
			"from": [13.5, 12.975, -7.675],
			"to": [14.4, 13.875, -6.775],
			"rotation": {"angle": 0, "axis": "x", "origin": [21.5, 20.975, -13.875]},
			"faces": {
				"north": {"uv": [12, 2, 13, 3], "texture": "#2"},
				"east": {"uv": [12, 2, 13, 3], "rotation": 270, "texture": "#2"},
				"south": {"uv": [12, 2, 13, 3], "rotation": 180, "texture": "#2"},
				"west": {"uv": [12, 2, 13, 3], "rotation": 90, "texture": "#2"},
				"up": {"uv": [12, 2, 13, 3], "texture": "#2"},
				"down": {"uv": [12, 2, 13, 3], "rotation": 180, "texture": "#2"}
			}
		},
		{
			"from": [13.5, 12.075, -6.775],
			"to": [14.4, 12.975, -5.875],
			"rotation": {"angle": 0, "axis": "x", "origin": [21.5, 20.075, -12.975]},
			"faces": {
				"north": {"uv": [11, 3, 12, 4], "texture": "#2"},
				"east": {"uv": [11, 3, 12, 4], "rotation": 270, "texture": "#2"},
				"south": {"uv": [11, 3, 12, 4], "rotation": 180, "texture": "#2"},
				"west": {"uv": [11, 3, 12, 4], "rotation": 90, "texture": "#2"},
				"up": {"uv": [11, 3, 12, 4], "texture": "#2"},
				"down": {"uv": [11, 3, 12, 4], "rotation": 180, "texture": "#2"}
			}
		},
		{
			"from": [13.5, 8.475, -3.175],
			"to": [14.4, 9.375, -2.275],
			"rotation": {"angle": 0, "axis": "x", "origin": [21.5, 16.475, -9.375]},
			"faces": {
				"north": {"uv": [7, 7, 8, 8], "texture": "#2"},
				"east": {"uv": [7, 7, 8, 8], "rotation": 270, "texture": "#2"},
				"south": {"uv": [7, 7, 8, 8], "rotation": 180, "texture": "#2"},
				"west": {"uv": [7, 7, 8, 8], "rotation": 90, "texture": "#2"},
				"up": {"uv": [7, 7, 8, 8], "texture": "#2"},
				"down": {"uv": [7, 7, 8, 8], "rotation": 180, "texture": "#2"}
			}
		},
		{
			"from": [13.5, 7.575, -2.275],
			"to": [14.4, 8.475, -1.375],
			"rotation": {"angle": 0, "axis": "x", "origin": [21.5, 15.575, -8.475]},
			"faces": {
				"north": {"uv": [6, 8, 7, 9], "texture": "#2"},
				"east": {"uv": [6, 8, 7, 9], "rotation": 270, "texture": "#2"},
				"south": {"uv": [6, 8, 7, 9], "rotation": 180, "texture": "#2"},
				"west": {"uv": [6, 8, 7, 9], "rotation": 90, "texture": "#2"},
				"up": {"uv": [6, 8, 7, 9], "texture": "#2"},
				"down": {"uv": [6, 8, 7, 9], "rotation": 180, "texture": "#2"}
			}
		},
		{
			"from": [13.5, 9.375, -4.075],
			"to": [14.4, 10.275, -3.175],
			"rotation": {"angle": 0, "axis": "x", "origin": [21.5, 17.375, -10.275]},
			"faces": {
				"north": {"uv": [8, 6, 9, 7], "texture": "#2"},
				"east": {"uv": [8, 6, 9, 7], "rotation": 270, "texture": "#2"},
				"south": {"uv": [8, 6, 9, 7], "rotation": 180, "texture": "#2"},
				"west": {"uv": [8, 6, 9, 7], "rotation": 90, "texture": "#2"},
				"up": {"uv": [8, 6, 9, 7], "texture": "#2"},
				"down": {"uv": [8, 6, 9, 7], "rotation": 180, "texture": "#2"}
			}
		},
		{
			"from": [13.5, 10.275, -4.975],
			"to": [14.4, 11.175, -4.075],
			"rotation": {"angle": 0, "axis": "x", "origin": [21.5, 18.275, -11.175]},
			"faces": {
				"north": {"uv": [9, 5, 10, 6], "texture": "#2"},
				"east": {"uv": [9, 5, 10, 6], "rotation": 270, "texture": "#2"},
				"south": {"uv": [9, 5, 10, 6], "rotation": 180, "texture": "#2"},
				"west": {"uv": [9, 5, 10, 6], "rotation": 90, "texture": "#2"},
				"up": {"uv": [9, 5, 10, 6], "texture": "#2"},
				"down": {"uv": [9, 5, 10, 6], "rotation": 180, "texture": "#2"}
			}
		},
		{
			"from": [13.5, 11.175, -5.875],
			"to": [14.4, 12.075, -4.975],
			"rotation": {"angle": 0, "axis": "x", "origin": [21.5, 19.175, -12.075]},
			"faces": {
				"north": {"uv": [10, 4, 11, 5], "texture": "#2"},
				"east": {"uv": [10, 4, 11, 5], "rotation": 270, "texture": "#2"},
				"south": {"uv": [10, 4, 11, 5], "rotation": 180, "texture": "#2"},
				"west": {"uv": [10, 4, 11, 5], "rotation": 90, "texture": "#2"},
				"up": {"uv": [10, 4, 11, 5], "texture": "#2"},
				"down": {"uv": [10, 4, 11, 5], "rotation": 180, "texture": "#2"}
			}
		},
		{
			"from": [13.5, 13.875, -7.675],
			"to": [14.4, 14.775, -6.775],
			"rotation": {"angle": 0, "axis": "x", "origin": [21.5, 21.875, -13.875]},
			"faces": {
				"north": {"uv": [13, 2, 14, 3], "texture": "#2"},
				"east": {"uv": [13, 2, 14, 3], "rotation": 270, "texture": "#2"},
				"south": {"uv": [13, 2, 14, 3], "rotation": 180, "texture": "#2"},
				"west": {"uv": [13, 2, 14, 3], "rotation": 90, "texture": "#2"},
				"up": {"uv": [13, 2, 14, 3], "texture": "#2"},
				"down": {"uv": [13, 2, 14, 3], "rotation": 180, "texture": "#2"}
			}
		},
		{
			"from": [13.5, 12.975, -6.775],
			"to": [14.4, 13.875, -5.875],
			"rotation": {"angle": 0, "axis": "x", "origin": [21.5, 20.975, -12.975]},
			"faces": {
				"north": {"uv": [12, 3, 13, 4], "texture": "#2"},
				"east": {"uv": [12, 3, 13, 4], "rotation": 270, "texture": "#2"},
				"south": {"uv": [12, 3, 13, 4], "rotation": 180, "texture": "#2"},
				"west": {"uv": [12, 3, 13, 4], "rotation": 90, "texture": "#2"},
				"up": {"uv": [12, 3, 13, 4], "texture": "#2"},
				"down": {"uv": [12, 3, 13, 4], "rotation": 180, "texture": "#2"}
			}
		},
		{
			"from": [13.5, 12.075, -5.875],
			"to": [14.4, 12.975, -4.975],
			"rotation": {"angle": 0, "axis": "x", "origin": [21.5, 20.075, -12.075]},
			"faces": {
				"north": {"uv": [11, 4, 12, 5], "texture": "#2"},
				"east": {"uv": [11, 4, 12, 5], "rotation": 270, "texture": "#2"},
				"south": {"uv": [11, 4, 12, 5], "rotation": 180, "texture": "#2"},
				"west": {"uv": [11, 4, 12, 5], "rotation": 90, "texture": "#2"},
				"up": {"uv": [11, 4, 12, 5], "texture": "#2"},
				"down": {"uv": [11, 4, 12, 5], "rotation": 180, "texture": "#2"}
			}
		},
		{
			"from": [13.5, 11.175, -4.975],
			"to": [14.4, 12.075, -4.075],
			"rotation": {"angle": 0, "axis": "x", "origin": [21.5, 19.175, -11.175]},
			"faces": {
				"north": {"uv": [10, 5, 11, 6], "texture": "#2"},
				"east": {"uv": [10, 5, 11, 6], "rotation": 270, "texture": "#2"},
				"south": {"uv": [10, 5, 11, 6], "rotation": 180, "texture": "#2"},
				"west": {"uv": [10, 5, 11, 6], "rotation": 90, "texture": "#2"},
				"up": {"uv": [10, 5, 11, 6], "texture": "#2"},
				"down": {"uv": [10, 5, 11, 6], "rotation": 180, "texture": "#2"}
			}
		},
		{
			"from": [13.5, 10.275, -4.075],
			"to": [14.4, 11.175, -3.175],
			"rotation": {"angle": 0, "axis": "x", "origin": [21.5, 18.275, -10.275]},
			"faces": {
				"north": {"uv": [9, 6, 10, 7], "texture": "#2"},
				"east": {"uv": [9, 6, 10, 7], "rotation": 270, "texture": "#2"},
				"south": {"uv": [9, 6, 10, 7], "rotation": 180, "texture": "#2"},
				"west": {"uv": [9, 6, 10, 7], "rotation": 90, "texture": "#2"},
				"up": {"uv": [9, 6, 10, 7], "texture": "#2"},
				"down": {"uv": [9, 6, 10, 7], "rotation": 180, "texture": "#2"}
			}
		},
		{
			"from": [13.5, 9.375, -3.175],
			"to": [14.4, 10.275, -2.275],
			"rotation": {"angle": 0, "axis": "x", "origin": [21.5, 17.375, -9.375]},
			"faces": {
				"north": {"uv": [8, 7, 9, 8], "texture": "#2"},
				"east": {"uv": [8, 7, 9, 8], "rotation": 270, "texture": "#2"},
				"south": {"uv": [8, 7, 9, 8], "rotation": 180, "texture": "#2"},
				"west": {"uv": [8, 7, 9, 8], "rotation": 90, "texture": "#2"},
				"up": {"uv": [8, 7, 9, 8], "texture": "#2"},
				"down": {"uv": [8, 7, 9, 8], "rotation": 180, "texture": "#2"}
			}
		},
		{
			"from": [13.5, 8.475, -2.275],
			"to": [14.4, 9.375, -1.375],
			"rotation": {"angle": 0, "axis": "x", "origin": [21.5, 16.475, -8.475]},
			"faces": {
				"north": {"uv": [7, 8, 8, 9], "texture": "#2"},
				"east": {"uv": [7, 8, 8, 9], "rotation": 270, "texture": "#2"},
				"south": {"uv": [7, 8, 8, 9], "rotation": 180, "texture": "#2"},
				"west": {"uv": [7, 8, 8, 9], "rotation": 90, "texture": "#2"},
				"up": {"uv": [7, 8, 8, 9], "texture": "#2"},
				"down": {"uv": [7, 8, 8, 9], "rotation": 180, "texture": "#2"}
			}
		},
		{
			"from": [13.5, 7.575, -1.375],
			"to": [14.4, 8.475, -0.475],
			"rotation": {"angle": 0, "axis": "x", "origin": [21.5, 15.575, -7.575]},
			"faces": {
				"north": {"uv": [6, 9, 7, 10], "texture": "#2"},
				"east": {"uv": [6, 9, 7, 10], "rotation": 270, "texture": "#2"},
				"south": {"uv": [6, 9, 7, 10], "rotation": 180, "texture": "#2"},
				"west": {"uv": [6, 9, 7, 10], "rotation": 90, "texture": "#2"},
				"up": {"uv": [6, 9, 7, 10], "texture": "#2"},
				"down": {"uv": [6, 9, 7, 10], "rotation": 180, "texture": "#2"}
			}
		},
		{
			"from": [13.5, 6.675, -0.475],
			"to": [14.4, 7.575, 0.425],
			"rotation": {"angle": 0, "axis": "x", "origin": [21.5, 14.675, -6.675]},
			"faces": {
				"north": {"uv": [5, 10, 6, 11], "texture": "#2"},
				"east": {"uv": [5, 10, 6, 11], "rotation": 270, "texture": "#2"},
				"south": {"uv": [5, 10, 6, 11], "rotation": 180, "texture": "#2"},
				"west": {"uv": [5, 10, 6, 11], "rotation": 90, "texture": "#2"},
				"up": {"uv": [5, 10, 6, 11], "texture": "#2"},
				"down": {"uv": [5, 10, 6, 11], "rotation": 180, "texture": "#2"}
			}
		},
		{
			"from": [13.5, 6.675, -1.375],
			"to": [14.4, 7.575, -0.475],
			"rotation": {"angle": 0, "axis": "x", "origin": [21.5, 14.675, -7.575]},
			"faces": {
				"north": {"uv": [5, 9, 6, 10], "texture": "#2"},
				"east": {"uv": [5, 9, 6, 10], "rotation": 270, "texture": "#2"},
				"south": {"uv": [5, 9, 6, 10], "rotation": 180, "texture": "#2"},
				"west": {"uv": [5, 9, 6, 10], "rotation": 90, "texture": "#2"},
				"up": {"uv": [5, 9, 6, 10], "texture": "#2"},
				"down": {"uv": [5, 9, 6, 10], "rotation": 180, "texture": "#2"}
			}
		},
		{
			"from": [13.5, 5.775, -1.375],
			"to": [14.4, 6.675, -0.475],
			"rotation": {"angle": 0, "axis": "x", "origin": [21.5, 13.775, -7.575]},
			"faces": {
				"north": {"uv": [4, 9, 5, 10], "texture": "#2"},
				"east": {"uv": [4, 9, 5, 10], "rotation": 270, "texture": "#2"},
				"south": {"uv": [4, 9, 5, 10], "rotation": 180, "texture": "#2"},
				"west": {"uv": [4, 9, 5, 10], "rotation": 90, "texture": "#2"},
				"up": {"uv": [4, 9, 5, 10], "texture": "#2"},
				"down": {"uv": [4, 9, 5, 10], "rotation": 180, "texture": "#2"}
			}
		},
		{
			"from": [13.5, 5.775, -2.275],
			"to": [14.4, 6.675, -1.375],
			"rotation": {"angle": 0, "axis": "x", "origin": [21.5, 13.775, -8.475]},
			"faces": {
				"north": {"uv": [4, 8, 5, 9], "texture": "#2"},
				"east": {"uv": [4, 8, 5, 9], "rotation": 270, "texture": "#2"},
				"south": {"uv": [4, 8, 5, 9], "rotation": 180, "texture": "#2"},
				"west": {"uv": [4, 8, 5, 9], "rotation": 90, "texture": "#2"},
				"up": {"uv": [4, 8, 5, 9], "texture": "#2"},
				"down": {"uv": [4, 8, 5, 9], "rotation": 180, "texture": "#2"}
			}
		},
		{
			"from": [13.5, 4.875, -3.175],
			"to": [14.4, 5.775, -2.275],
			"rotation": {"angle": 0, "axis": "x", "origin": [21.5, 12.875, -9.375]},
			"faces": {
				"north": {"uv": [3, 7, 4, 8], "texture": "#2"},
				"east": {"uv": [3, 7, 4, 8], "rotation": 270, "texture": "#2"},
				"south": {"uv": [3, 7, 4, 8], "rotation": 180, "texture": "#2"},
				"west": {"uv": [3, 7, 4, 8], "rotation": 90, "texture": "#2"},
				"up": {"uv": [3, 7, 4, 8], "texture": "#2"},
				"down": {"uv": [3, 7, 4, 8], "rotation": 180, "texture": "#2"}
			}
		},
		{
			"from": [13.5, 7.575, -0.475],
			"to": [14.4, 8.475, 0.425],
			"rotation": {"angle": 0, "axis": "x", "origin": [21.5, 15.575, -6.675]},
			"faces": {
				"north": {"uv": [6, 10, 7, 11], "texture": "#2"},
				"east": {"uv": [6, 10, 7, 11], "rotation": 270, "texture": "#2"},
				"south": {"uv": [6, 10, 7, 11], "rotation": 180, "texture": "#2"},
				"west": {"uv": [6, 10, 7, 11], "rotation": 90, "texture": "#2"},
				"up": {"uv": [6, 10, 7, 11], "texture": "#2"},
				"down": {"uv": [6, 10, 7, 11], "rotation": 180, "texture": "#2"}
			}
		},
		{
			"from": [13.5, 8.475, 0.425],
			"to": [14.4, 9.375, 1.325],
			"rotation": {"angle": 0, "axis": "x", "origin": [21.5, 16.475, -5.775]},
			"faces": {
				"north": {"uv": [7, 11, 8, 12], "texture": "#2"},
				"east": {"uv": [7, 11, 8, 12], "rotation": 270, "texture": "#2"},
				"south": {"uv": [7, 11, 8, 12], "rotation": 180, "texture": "#2"},
				"west": {"uv": [7, 11, 8, 12], "rotation": 90, "texture": "#2"},
				"up": {"uv": [7, 11, 8, 12], "texture": "#2"},
				"down": {"uv": [7, 11, 8, 12], "rotation": 180, "texture": "#2"}
			}
		},
		{
			"from": [13.5, 9.375, 1.325],
			"to": [14.4, 10.275, 2.225],
			"rotation": {"angle": 0, "axis": "x", "origin": [21.5, 17.375, -4.875]},
			"faces": {
				"north": {"uv": [8, 12, 9, 13], "texture": "#2"},
				"east": {"uv": [8, 12, 9, 13], "rotation": 270, "texture": "#2"},
				"south": {"uv": [8, 12, 9, 13], "rotation": 180, "texture": "#2"},
				"west": {"uv": [8, 12, 9, 13], "rotation": 90, "texture": "#2"},
				"up": {"uv": [8, 12, 9, 13], "texture": "#2"},
				"down": {"uv": [8, 12, 9, 13], "rotation": 180, "texture": "#2"}
			}
		},
		{
			"from": [13.5, 7.575, 0.425],
			"to": [14.4, 8.475, 1.325],
			"rotation": {"angle": 0, "axis": "x", "origin": [21.5, 15.575, -5.775]},
			"faces": {
				"north": {"uv": [6, 11, 7, 12], "texture": "#2"},
				"east": {"uv": [6, 11, 7, 12], "rotation": 270, "texture": "#2"},
				"south": {"uv": [6, 11, 7, 12], "rotation": 180, "texture": "#2"},
				"west": {"uv": [6, 11, 7, 12], "rotation": 90, "texture": "#2"},
				"up": {"uv": [6, 11, 7, 12], "texture": "#2"},
				"down": {"uv": [6, 11, 7, 12], "rotation": 180, "texture": "#2"}
			}
		},
		{
			"from": [13.5, 13.875, -6.775],
			"to": [14.4, 14.775, -5.875],
			"rotation": {"angle": 0, "axis": "x", "origin": [21.5, 21.875, -12.975]},
			"faces": {
				"north": {"uv": [13, 3, 14, 4], "texture": "#2"},
				"east": {"uv": [13, 3, 14, 4], "rotation": 270, "texture": "#2"},
				"south": {"uv": [13, 3, 14, 4], "rotation": 180, "texture": "#2"},
				"west": {"uv": [13, 3, 14, 4], "rotation": 90, "texture": "#2"},
				"up": {"uv": [13, 3, 14, 4], "texture": "#2"},
				"down": {"uv": [13, 3, 14, 4], "rotation": 180, "texture": "#2"}
			}
		},
		{
			"from": [13.5, 12.975, -5.875],
			"to": [14.4, 13.875, -4.975],
			"rotation": {"angle": 0, "axis": "x", "origin": [21.5, 20.975, -12.075]},
			"faces": {
				"north": {"uv": [12, 4, 13, 5], "texture": "#2"},
				"east": {"uv": [12, 4, 13, 5], "rotation": 270, "texture": "#2"},
				"south": {"uv": [12, 4, 13, 5], "rotation": 180, "texture": "#2"},
				"west": {"uv": [12, 4, 13, 5], "rotation": 90, "texture": "#2"},
				"up": {"uv": [12, 4, 13, 5], "texture": "#2"},
				"down": {"uv": [12, 4, 13, 5], "rotation": 180, "texture": "#2"}
			}
		},
		{
			"from": [13.5, 12.075, -4.975],
			"to": [14.4, 12.975, -4.075],
			"rotation": {"angle": 0, "axis": "x", "origin": [21.5, 20.075, -11.175]},
			"faces": {
				"north": {"uv": [11, 5, 12, 6], "texture": "#2"},
				"east": {"uv": [11, 5, 12, 6], "rotation": 270, "texture": "#2"},
				"south": {"uv": [11, 5, 12, 6], "rotation": 180, "texture": "#2"},
				"west": {"uv": [11, 5, 12, 6], "rotation": 90, "texture": "#2"},
				"up": {"uv": [11, 5, 12, 6], "texture": "#2"},
				"down": {"uv": [11, 5, 12, 6], "rotation": 180, "texture": "#2"}
			}
		},
		{
			"from": [13.5, 11.175, -4.075],
			"to": [14.4, 12.075, -3.175],
			"rotation": {"angle": 0, "axis": "x", "origin": [21.5, 19.175, -10.275]},
			"faces": {
				"north": {"uv": [10, 6, 11, 7], "texture": "#2"},
				"east": {"uv": [10, 6, 11, 7], "rotation": 270, "texture": "#2"},
				"south": {"uv": [10, 6, 11, 7], "rotation": 180, "texture": "#2"},
				"west": {"uv": [10, 6, 11, 7], "rotation": 90, "texture": "#2"},
				"up": {"uv": [10, 6, 11, 7], "texture": "#2"},
				"down": {"uv": [10, 6, 11, 7], "rotation": 180, "texture": "#2"}
			}
		},
		{
			"from": [13.5, 10.275, -3.175],
			"to": [14.4, 11.175, -2.275],
			"rotation": {"angle": 0, "axis": "x", "origin": [21.5, 18.275, -9.375]},
			"faces": {
				"north": {"uv": [9, 7, 10, 8], "texture": "#2"},
				"east": {"uv": [9, 7, 10, 8], "rotation": 270, "texture": "#2"},
				"south": {"uv": [9, 7, 10, 8], "rotation": 180, "texture": "#2"},
				"west": {"uv": [9, 7, 10, 8], "rotation": 90, "texture": "#2"},
				"up": {"uv": [9, 7, 10, 8], "texture": "#2"},
				"down": {"uv": [9, 7, 10, 8], "rotation": 180, "texture": "#2"}
			}
		},
		{
			"from": [13.5, 9.375, -2.275],
			"to": [14.4, 10.275, -1.375],
			"rotation": {"angle": 0, "axis": "x", "origin": [21.5, 17.375, -8.475]},
			"faces": {
				"north": {"uv": [8, 8, 9, 9], "texture": "#2"},
				"east": {"uv": [8, 8, 9, 9], "rotation": 270, "texture": "#2"},
				"south": {"uv": [8, 8, 9, 9], "rotation": 180, "texture": "#2"},
				"west": {"uv": [8, 8, 9, 9], "rotation": 90, "texture": "#2"},
				"up": {"uv": [8, 8, 9, 9], "texture": "#2"},
				"down": {"uv": [8, 8, 9, 9], "rotation": 180, "texture": "#2"}
			}
		},
		{
			"from": [13.5, 8.475, -1.375],
			"to": [14.4, 9.375, -0.475],
			"rotation": {"angle": 0, "axis": "x", "origin": [21.5, 16.475, -7.575]},
			"faces": {
				"north": {"uv": [7, 9, 8, 10], "texture": "#2"},
				"east": {"uv": [7, 9, 8, 10], "rotation": 270, "texture": "#2"},
				"south": {"uv": [7, 9, 8, 10], "rotation": 180, "texture": "#2"},
				"west": {"uv": [7, 9, 8, 10], "rotation": 90, "texture": "#2"},
				"up": {"uv": [7, 9, 8, 10], "texture": "#2"},
				"down": {"uv": [7, 9, 8, 10], "rotation": 180, "texture": "#2"}
			}
		},
		{
			"from": [13.5, 15.675, -7.675],
			"to": [14.4, 16.575, -6.775],
			"rotation": {"angle": 0, "axis": "x", "origin": [21.5, 23.675, -13.875]},
			"faces": {
				"north": {"uv": [15, 2, 16, 3], "texture": "#2"},
				"east": {"uv": [15, 2, 16, 3], "rotation": 270, "texture": "#2"},
				"south": {"uv": [15, 2, 16, 3], "rotation": 180, "texture": "#2"},
				"west": {"uv": [15, 2, 16, 3], "rotation": 90, "texture": "#2"},
				"up": {"uv": [15, 2, 16, 3], "texture": "#2"},
				"down": {"uv": [15, 2, 16, 3], "rotation": 180, "texture": "#2"}
			}
		},
		{
			"from": [13.5, 14.775, -6.775],
			"to": [14.4, 15.675, -5.875],
			"rotation": {"angle": 0, "axis": "x", "origin": [21.5, 22.775, -12.975]},
			"faces": {
				"north": {"uv": [14, 3, 15, 4], "texture": "#2"},
				"east": {"uv": [14, 3, 15, 4], "rotation": 270, "texture": "#2"},
				"south": {"uv": [14, 3, 15, 4], "rotation": 180, "texture": "#2"},
				"west": {"uv": [14, 3, 15, 4], "rotation": 90, "texture": "#2"},
				"up": {"uv": [14, 3, 15, 4], "texture": "#2"},
				"down": {"uv": [14, 3, 15, 4], "rotation": 180, "texture": "#2"}
			}
		},
		{
			"from": [13.5, 13.875, -5.875],
			"to": [14.4, 14.775, -4.975],
			"rotation": {"angle": 0, "axis": "x", "origin": [21.5, 21.875, -12.075]},
			"faces": {
				"north": {"uv": [13, 4, 14, 5], "texture": "#2"},
				"east": {"uv": [13, 4, 14, 5], "rotation": 270, "texture": "#2"},
				"south": {"uv": [13, 4, 14, 5], "rotation": 180, "texture": "#2"},
				"west": {"uv": [13, 4, 14, 5], "rotation": 90, "texture": "#2"},
				"up": {"uv": [13, 4, 14, 5], "texture": "#2"},
				"down": {"uv": [13, 4, 14, 5], "rotation": 180, "texture": "#2"}
			}
		},
		{
			"from": [13.5, 12.975, -4.975],
			"to": [14.4, 13.875, -4.075],
			"rotation": {"angle": 0, "axis": "x", "origin": [21.5, 20.975, -11.175]},
			"faces": {
				"north": {"uv": [12, 5, 13, 6], "texture": "#2"},
				"east": {"uv": [12, 5, 13, 6], "rotation": 270, "texture": "#2"},
				"south": {"uv": [12, 5, 13, 6], "rotation": 180, "texture": "#2"},
				"west": {"uv": [12, 5, 13, 6], "rotation": 90, "texture": "#2"},
				"up": {"uv": [12, 5, 13, 6], "texture": "#2"},
				"down": {"uv": [12, 5, 13, 6], "rotation": 180, "texture": "#2"}
			}
		},
		{
			"from": [13.5, 12.075, -4.075],
			"to": [14.4, 12.975, -3.175],
			"rotation": {"angle": 0, "axis": "x", "origin": [21.5, 20.075, -10.275]},
			"faces": {
				"north": {"uv": [11, 6, 12, 7], "texture": "#2"},
				"east": {"uv": [11, 6, 12, 7], "rotation": 270, "texture": "#2"},
				"south": {"uv": [11, 6, 12, 7], "rotation": 180, "texture": "#2"},
				"west": {"uv": [11, 6, 12, 7], "rotation": 90, "texture": "#2"},
				"up": {"uv": [11, 6, 12, 7], "texture": "#2"},
				"down": {"uv": [11, 6, 12, 7], "rotation": 180, "texture": "#2"}
			}
		},
		{
			"from": [13.5, 11.175, -3.175],
			"to": [14.4, 12.075, -2.275],
			"rotation": {"angle": 0, "axis": "x", "origin": [21.5, 19.175, -9.375]},
			"faces": {
				"north": {"uv": [10, 7, 11, 8], "texture": "#2"},
				"east": {"uv": [10, 7, 11, 8], "rotation": 270, "texture": "#2"},
				"south": {"uv": [10, 7, 11, 8], "rotation": 180, "texture": "#2"},
				"west": {"uv": [10, 7, 11, 8], "rotation": 90, "texture": "#2"},
				"up": {"uv": [10, 7, 11, 8], "texture": "#2"},
				"down": {"uv": [10, 7, 11, 8], "rotation": 180, "texture": "#2"}
			}
		},
		{
			"from": [13.5, 10.275, -2.275],
			"to": [14.4, 11.175, -1.375],
			"rotation": {"angle": 0, "axis": "x", "origin": [21.5, 18.275, -8.475]},
			"faces": {
				"north": {"uv": [9, 8, 10, 9], "texture": "#2"},
				"east": {"uv": [9, 8, 10, 9], "rotation": 270, "texture": "#2"},
				"south": {"uv": [9, 8, 10, 9], "rotation": 180, "texture": "#2"},
				"west": {"uv": [9, 8, 10, 9], "rotation": 90, "texture": "#2"},
				"up": {"uv": [9, 8, 10, 9], "texture": "#2"},
				"down": {"uv": [9, 8, 10, 9], "rotation": 180, "texture": "#2"}
			}
		},
		{
			"from": [13.5, 9.375, -1.375],
			"to": [14.4, 10.275, -0.475],
			"rotation": {"angle": 0, "axis": "x", "origin": [21.5, 17.375, -7.575]},
			"faces": {
				"north": {"uv": [8, 9, 9, 10], "texture": "#2"},
				"east": {"uv": [8, 9, 9, 10], "rotation": 270, "texture": "#2"},
				"south": {"uv": [8, 9, 9, 10], "rotation": 180, "texture": "#2"},
				"west": {"uv": [8, 9, 9, 10], "rotation": 90, "texture": "#2"},
				"up": {"uv": [8, 9, 9, 10], "texture": "#2"},
				"down": {"uv": [8, 9, 9, 10], "rotation": 180, "texture": "#2"}
			}
		},
		{
			"from": [13.5, 8.475, -0.475],
			"to": [14.4, 9.375, 0.425],
			"rotation": {"angle": 0, "axis": "x", "origin": [21.5, 16.475, -6.675]},
			"faces": {
				"north": {"uv": [7, 10, 8, 11], "texture": "#2"},
				"east": {"uv": [7, 10, 8, 11], "rotation": 270, "texture": "#2"},
				"south": {"uv": [7, 10, 8, 11], "rotation": 180, "texture": "#2"},
				"west": {"uv": [7, 10, 8, 11], "rotation": 90, "texture": "#2"},
				"up": {"uv": [7, 10, 8, 11], "texture": "#2"},
				"down": {"uv": [7, 10, 8, 11], "rotation": 180, "texture": "#2"}
			}
		},
		{
			"from": [13.5, 9.375, 0.425],
			"to": [14.4, 10.275, 1.325],
			"rotation": {"angle": 0, "axis": "x", "origin": [21.5, 17.375, -5.775]},
			"faces": {
				"north": {"uv": [8, 11, 9, 12], "texture": "#2"},
				"east": {"uv": [8, 11, 9, 12], "rotation": 270, "texture": "#2"},
				"south": {"uv": [8, 11, 9, 12], "rotation": 180, "texture": "#2"},
				"west": {"uv": [8, 11, 9, 12], "rotation": 90, "texture": "#2"},
				"up": {"uv": [8, 11, 9, 12], "texture": "#2"},
				"down": {"uv": [8, 11, 9, 12], "rotation": 180, "texture": "#2"}
			}
		},
		{
			"from": [13.5, 10.275, 1.325],
			"to": [14.4, 11.175, 2.225],
			"rotation": {"angle": 0, "axis": "x", "origin": [21.5, 18.275, -4.875]},
			"faces": {
				"north": {"uv": [9, 12, 10, 13], "texture": "#2"},
				"east": {"uv": [9, 12, 10, 13], "rotation": 270, "texture": "#2"},
				"south": {"uv": [9, 12, 10, 13], "rotation": 180, "texture": "#2"},
				"west": {"uv": [9, 12, 10, 13], "rotation": 90, "texture": "#2"},
				"up": {"uv": [9, 12, 10, 13], "texture": "#2"},
				"down": {"uv": [9, 12, 10, 13], "rotation": 180, "texture": "#2"}
			}
		},
		{
			"from": [13.5, 10.275, 2.225],
			"to": [14.4, 11.175, 3.125],
			"rotation": {"angle": 0, "axis": "x", "origin": [21.5, 18.275, -3.975]},
			"faces": {
				"north": {"uv": [9, 13, 10, 14], "texture": "#2"},
				"east": {"uv": [9, 13, 10, 14], "rotation": 270, "texture": "#2"},
				"south": {"uv": [9, 13, 10, 14], "rotation": 180, "texture": "#2"},
				"west": {"uv": [9, 13, 10, 14], "rotation": 90, "texture": "#2"},
				"up": {"uv": [9, 13, 10, 14], "texture": "#2"},
				"down": {"uv": [9, 13, 10, 14], "rotation": 180, "texture": "#2"}
			}
		},
		{
			"from": [13.5, 9.375, 2.225],
			"to": [14.4, 10.275, 3.125],
			"rotation": {"angle": 0, "axis": "x", "origin": [21.5, 17.375, -3.975]},
			"faces": {
				"north": {"uv": [8, 13, 9, 14], "texture": "#2"},
				"east": {"uv": [8, 13, 9, 14], "rotation": 270, "texture": "#2"},
				"south": {"uv": [8, 13, 9, 14], "rotation": 180, "texture": "#2"},
				"west": {"uv": [8, 13, 9, 14], "rotation": 90, "texture": "#2"},
				"up": {"uv": [8, 13, 9, 14], "texture": "#2"},
				"down": {"uv": [8, 13, 9, 14], "rotation": 180, "texture": "#2"}
			}
		},
		{
			"from": [13.5, 8.475, 1.325],
			"to": [14.4, 9.375, 2.225],
			"rotation": {"angle": 0, "axis": "x", "origin": [21.5, 16.475, -4.875]},
			"faces": {
				"north": {"uv": [7, 12, 8, 13], "texture": "#2"},
				"east": {"uv": [7, 12, 8, 13], "rotation": 270, "texture": "#2"},
				"south": {"uv": [7, 12, 8, 13], "rotation": 180, "texture": "#2"},
				"west": {"uv": [7, 12, 8, 13], "rotation": 90, "texture": "#2"},
				"up": {"uv": [7, 12, 8, 13], "texture": "#2"},
				"down": {"uv": [7, 12, 8, 13], "rotation": 180, "texture": "#2"}
			}
		},
		{
			"from": [13.5, 7.575, 1.325],
			"to": [14.4, 8.475, 2.225],
			"rotation": {"angle": 0, "axis": "x", "origin": [21.5, 15.575, -4.875]},
			"faces": {
				"north": {"uv": [6, 12, 7, 13], "texture": "#2"},
				"east": {"uv": [6, 12, 7, 13], "rotation": 270, "texture": "#2"},
				"south": {"uv": [6, 12, 7, 13], "rotation": 180, "texture": "#2"},
				"west": {"uv": [6, 12, 7, 13], "rotation": 90, "texture": "#2"},
				"up": {"uv": [6, 12, 7, 13], "texture": "#2"},
				"down": {"uv": [6, 12, 7, 13], "rotation": 180, "texture": "#2"}
			}
		},
		{
			"from": [13.5, 6.675, 0.425],
			"to": [14.4, 7.575, 1.325],
			"rotation": {"angle": 0, "axis": "x", "origin": [21.5, 14.675, -5.775]},
			"faces": {
				"north": {"uv": [5, 11, 6, 12], "texture": "#2"},
				"east": {"uv": [5, 11, 6, 12], "rotation": 270, "texture": "#2"},
				"south": {"uv": [5, 11, 6, 12], "rotation": 180, "texture": "#2"},
				"west": {"uv": [5, 11, 6, 12], "rotation": 90, "texture": "#2"},
				"up": {"uv": [5, 11, 6, 12], "texture": "#2"},
				"down": {"uv": [5, 11, 6, 12], "rotation": 180, "texture": "#2"}
			}
		}
	],
	"display": {
		"thirdperson_righthand": {
			"rotation": [15, 50, 0],
			"translation": [0, 1.25, 2],
			"scale": [0.15, 0.15, 0.15]
		},
		"thirdperson_lefthand": {
			"rotation": [15, 50, 0],
			"translation": [0, 1.25, 2],
			"scale": [0.15, 0.15, 0.15]
		},
		"firstperson_righthand": {
			"rotation": [53, 123, -50],
			"translation": [2, 3.75, 0],
			"scale": [0.25, 0.25, 0.25]
		},
		"firstperson_lefthand": {
			"rotation": [53, 123, -50],
			"translation": [2, 3.75, 0],
			"scale": [0.25, 0.25, 0.25]
		},
		"ground": {
			"rotation": [53, 123, -50],
			"translation": [0.5, 3, 0.25],
			"scale": [0.15, 0.15, 0.15]
		},
		"gui": {
			"rotation": [44, 140, -22],
			"translation": [-0.25, 0.5, 0],
			"scale": [0.4, 0.4, 0.4]
		},
		"head": {
			"rotation": [-25, 0, 0],
			"translation": [0, 13, 0],
			"scale": [0.25, 0.25, 0.25]
		},
		"fixed": {
			"rotation": [-112.5, 0, 0],
			"translation": [0, 0, -18],
			"scale": [0.3, 0.3, 0.3]
		}
	},
	"groups": [
		{
			"name": "body",
			"shade": false,
			"origin": [0, 24, 0],
			"children": [0]
		},
		{
			"name": "head",
			"shade": false,
			"origin": [0, 24, 0],
			"children": [1]
		},
		{
			"name": "rightarm",
			"shade": false,
			"origin": [-5, 22, 0],
			"children": [2]
		},
		{
			"name": "leftarm",
			"shade": false,
			"origin": [5, 22, 0],
			"children": [3]
		},
		{
			"name": "leg0",
			"shade": false,
			"origin": [-1.9, 12, 0],
			"children": [4]
		},
		{
			"name": "leftwing",
			"shade": false,
			"origin": [0, 24, 0],
			"children": [5, 6]
		},
		{
			"name": "rightwing",
			"shade": false,
			"origin": [0, 24, 0],
			"children": []
		},
		{
			"name": "group",
			"origin": [8, 8, 8],
			"children": []
		},
		{
			"name": "group",
			"origin": [8, 8, 8],
			"children": [7, 8, 9, 10, 11, 12, 13, 14, 15, 16, 17, 18, 19, 20, 21, 22, 23, 24, 25, 26, 27, 28, 29, 30, 31, 32, 33, 34, 35, 36, 37, 38, 39, 40, 41, 42, 43, 44, 45, 46, 47, 48, 49, 50, 51, 52, 53, 54, 55, 56, 57, 58, 59, 60, 61, 62, 63, 64, 65, 66, 67, 68, 69, 70, 71, 72, 73, 74, 75, 76, 77, 78, 79, 80, 81, 82, 83, 84, 85, 86, 87, 88, 89, 90]
		}
	]
}