{
	"credit": "Made by Vega_Senpai",
	"textures": {
		"0": "spawn_egg/creamy"
	},
	"elements": [
		{
			"name": "head",
			"from": [6, 15, -8],
			"to": [10, 19, 1],
			"shade": false,
			"rotation": {"angle": 0, "axis": "y", "origin": [16, 1, 16]},
			"faces": {
				"north": {"uv": [1.625, 2.25, 1.125, 3.25], "texture": "#0"},
				"east": {"uv": [2.75, 2.25, 1.625, 3.25], "texture": "#0"},
				"south": {"uv": [3.25, 2.25, 2.75, 3.25], "texture": "#0"},
				"west": {"uv": [1.125, 2.25, 0, 3.25], "texture": "#0"},
				"up": {"uv": [1.125, 2.25, 1.625, 0], "texture": "#0"},
				"down": {"uv": [1.625, 0, 2.125, 2.25], "texture": "#0"}
			}
		},
		{
			"name": "head",
			"from": [4, 3, -4],
			"to": [12, 21, 2],
			"shade": false,
			"rotation": {"angle": 0, "axis": "y", "origin": [0, 1, 16]},
			"faces": {
				"north": {"uv": [0.75, 5, 1.75, 9.5], "texture": "#0"},
				"east": {"uv": [0, 5, 0.75, 9.5], "texture": "#0"},
				"south": {"uv": [2.5, 5, 3.5, 9.5], "texture": "#0"},
				"west": {"uv": [1.75, 5, 2.5, 9.5], "texture": "#0"},
				"up": {"uv": [1.75, 5, 0.75, 3.5], "texture": "#0"},
				"down": {"uv": [2.75, 3.5, 1.75, 5], "texture": "#0"}
			}
		},
		{
			"name": "head",
			"from": [4, 21, -2],
			"to": [7, 24, 0],
			"shade": false,
			"rotation": {"angle": 0, "axis": "y", "origin": [16, 1, 16]},
			"faces": {
				"north": {"uv": [2.75, 0.5, 2.375, 1.25], "texture": "#0"},
				"east": {"uv": [3, 0.5, 2.75, 1.25], "texture": "#0"},
				"south": {"uv": [3.375, 0.5, 3, 1.25], "texture": "#0"},
				"west": {"uv": [2.375, 0.5, 2.125, 1.25], "texture": "#0"},
				"up": {"uv": [2.375, 0.5, 2.75, 0], "texture": "#0"},
				"down": {"uv": [2.75, 0, 3.125, 0.5], "texture": "#0"}
			}
		},
		{
			"name": "head",
			"from": [9, 21, -2],
			"to": [12, 24, 0],
			"shade": false,
			"rotation": {"angle": 0, "axis": "y", "origin": [16, 1, 16]},
			"faces": {
				"north": {"uv": [2.75, 0.5, 2.375, 1.25], "texture": "#0"},
				"east": {"uv": [3, 0.5, 2.75, 1.25], "texture": "#0"},
				"south": {"uv": [3.375, 0.5, 3, 1.25], "texture": "#0"},
				"west": {"uv": [2.375, 0.5, 2.125, 1.25], "texture": "#0"},
				"up": {"uv": [2.375, 0.5, 2.75, 0], "texture": "#0"},
				"down": {"uv": [2.75, 0, 3.125, 0.5], "texture": "#0"}
			}
		},
		{
			"name": "body",
			"from": [2, 0, 0],
			"to": [14, 10, 18],
			"shade": false,
			"rotation": {"angle": 0, "axis": "x", "origin": [0, 13, 21]},
			"faces": {
				"north": {"uv": [6.375, 2.5, 4.875, 0], "rotation": 180, "texture": "#0"},
				"east": {"uv": [4.875, 7, 3.625, 2.5], "rotation": 270, "texture": "#0"},
				"south": {"uv": [7.875, 0, 6.375, 2.5], "texture": "#0"},
				"west": {"uv": [7.625, 7, 6.375, 2.5], "rotation": 90, "texture": "#0"},
				"up": {"uv": [7.625, 2.5, 9.125, 7], "texture": "#0"},
				"down": {"uv": [4.875, 2.5, 6.375, 7], "rotation": 180, "texture": "#0"}
			}
		},
		{
			"name": "leg0",
			"from": [9.5, -12, 12],
			"to": [13.5, 2, 16],
			"shade": false,
			"rotation": {"angle": 0, "axis": "y", "origin": [0, -4, 16]},
			"faces": {
				"north": {"uv": [4.125, 8.25, 4.625, 11.75], "texture": "#0"},
				"east": {"uv": [3.625, 8.25, 4.125, 11.75], "texture": "#0"},
				"south": {"uv": [5.125, 8.25, 5.625, 11.75], "texture": "#0"},
				"west": {"uv": [4.625, 8.25, 5.125, 11.75], "texture": "#0"},
				"up": {"uv": [4.625, 8.25, 4.125, 7.25], "texture": "#0"},
				"down": {"uv": [5.125, 7.25, 4.625, 8.25], "texture": "#0"}
			}
		},
		{
			"name": "leg1",
			"from": [2.5, -12, 12],
			"to": [6.5, 2, 16],
			"shade": false,
			"rotation": {"angle": 0, "axis": "y", "origin": [0, -4, 16]},
			"faces": {
				"north": {"uv": [4.125, 8.25, 4.625, 11.75], "texture": "#0"},
				"east": {"uv": [3.625, 8.25, 4.125, 11.75], "texture": "#0"},
				"south": {"uv": [5.125, 8.25, 5.625, 11.75], "texture": "#0"},
				"west": {"uv": [4.625, 8.25, 5.125, 11.75], "texture": "#0"},
				"up": {"uv": [4.625, 8.25, 4.125, 7.25], "texture": "#0"},
				"down": {"uv": [5.125, 7.25, 4.625, 8.25], "texture": "#0"}
			}
		},
		{
			"name": "leg2",
			"from": [9.5, -12, 1],
			"to": [13.5, 2, 5],
			"shade": false,
			"rotation": {"angle": 0, "axis": "y", "origin": [0, -4, 16]},
			"faces": {
				"north": {"uv": [4.125, 8.25, 4.625, 11.75], "texture": "#0"},
				"east": {"uv": [3.625, 8.25, 4.125, 11.75], "texture": "#0"},
				"south": {"uv": [5.125, 8.25, 5.625, 11.75], "texture": "#0"},
				"west": {"uv": [4.625, 8.25, 5.125, 11.75], "texture": "#0"},
				"up": {"uv": [4.625, 8.25, 4.125, 7.25], "texture": "#0"},
				"down": {"uv": [5.125, 7.25, 4.625, 8.25], "texture": "#0"}
			}
		},
		{
			"name": "leg3",
			"from": [2.5, -12, 1],
			"to": [6.5, 2, 5],
			"shade": false,
			"rotation": {"angle": 0, "axis": "y", "origin": [0, -4, 16]},
			"faces": {
				"north": {"uv": [4.125, 8.25, 4.625, 11.75], "texture": "#0"},
				"east": {"uv": [3.625, 8.25, 4.125, 11.75], "texture": "#0"},
				"south": {"uv": [5.125, 8.25, 5.625, 11.75], "texture": "#0"},
				"west": {"uv": [4.625, 8.25, 5.125, 11.75], "texture": "#0"},
				"up": {"uv": [4.625, 8.25, 4.125, 7.25], "texture": "#0"},
				"down": {"uv": [5.125, 7.25, 4.625, 8.25], "texture": "#0"}
			}
		}
	],
	"display": {
		"thirdperson_righthand": {
			"rotation": [50, 50, 0],
			"translation": [-1.5, 2, 0.5],
			"scale": [0.3, 0.3, 0.3]
		},
		"thirdperson_lefthand": {
			"rotation": [50, 50, 0],
			"translation": [-1.5, 2, 0.5],
			"scale": [0.3, 0.3, 0.3]
		},
		"firstperson_righthand": {
			"rotation": [10, 115, -10],
			"translation": [2.25, 4.5, 0],
			"scale": [0.3, 0.3, 0.3]
		},
		"firstperson_lefthand": {
			"rotation": [10, 115, -10],
			"translation": [2.25, 4.5, 0],
			"scale": [0.3, 0.3, 0.3]
		},
		"ground": {
			"translation": [0, 5, 0],
			"scale": [0.3, 0.3, 0.3]
		},
		"gui": {
			"rotation": [20, 135, 0],
			"translation": [0.5, 2, 0],
			"scale": [0.4, 0.4, 0.4]
		},
		"head": {
			"translation": [0, 16.4, 0],
			"scale": [0.5, 0.5, 0.5]
		},
		"fixed": {
			"rotation": [-90, 0, 0],
			"translation": [0, 0, -20.5]
		}
	},
	"groups": [
		{
			"name": "head",
			"shade": false,
			"origin": [0, 17, -6],
			"children": [0, 1, 2, 3]
		},
		{
			"name": "chest1",
			"shade": false,
			"origin": [-8.5, 21, 3],
			"rotation": [0, 90, 0],
			"children": []
		},
		{
			"name": "chest2",
			"shade": false,
			"origin": [5.5, 21, 3],
			"rotation": [0, 90, 0],
			"children": []
		},
		{
			"name": "body",
			"shade": false,
			"origin": [0, 19, 2],
			"children": [4]
		},
		{
			"name": "leg0",
			"shade": false,
			"origin": [-3.5, 14, 6],
			"children": [5]
		},
		{
			"name": "leg1",
			"shade": false,
			"origin": [3.5, 14, 6],
			"children": [6]
		},
		{
			"name": "leg2",
			"shade": false,
			"origin": [-3.5, 14, -5],
			"children": [7]
		},
		{
			"name": "leg3",
			"shade": false,
			"origin": [3.5, 14, -5],
			"children": [8]
		}
	]
}