{
	"credit": "Made by Vega_Senpai",
	"textures": {
		"0": "spawn_egg/ocelot"
	},
	"elements": [
		{
			"name": "head",
			"from": [9, 11, -3],
			"to": [10, 12, -1],
			"shade": false,
			"rotation": {"angle": 0, "axis": "y", "origin": [16, 8, 14]},
			"faces": {
				"north": {"uv": [2.25, 5.5, 2.5, 6], "texture": "#0"},
				"east": {"uv": [2.5, 6, 2.75, 6.5], "texture": "#0"},
				"south": {"uv": [2, 5.5, 2.25, 6], "texture": "#0"},
				"west": {"uv": [2, 5.5, 2.25, 6], "texture": "#0"},
				"up": {"uv": [2, 5, 2.25, 5.5], "texture": "#0"},
				"down": {"uv": [2, 5, 2.25, 5.5], "texture": "#0"}
			}
		},
		{
			"name": "head",
			"from": [6, 11, -3],
			"to": [7, 12, -1],
			"shade": false,
			"rotation": {"angle": 0, "axis": "y", "origin": [16, 8, 14]},
			"faces": {
				"north": {"uv": [2.25, 5, 2.5, 5.5], "texture": "#0"},
				"east": {"uv": [2.25, 5.5, 2.5, 6], "texture": "#0"},
				"south": {"uv": [2, 5, 2.25, 5.5], "texture": "#0"},
				"west": {"uv": [2.25, 6, 2.75, 6.5], "texture": "#0"},
				"up": {"uv": [2, 5.5, 2.25, 6], "texture": "#0"},
				"down": {"uv": [2, 5, 2.25, 5.5], "texture": "#0"}
			}
		},
		{
			"name": "head",
			"from": [5.5, 7, -6],
			"to": [10.5, 11, -1],
			"shade": false,
			"rotation": {"angle": 0, "axis": "y", "origin": [16, 8, 14]},
			"faces": {
				"north": {"uv": [1.25, 2.5, 2.5, 4.5], "texture": "#0"},
				"east": {"uv": [0, 2.5, 1.25, 4.5], "texture": "#0"},
				"south": {"uv": [3.75, 2.5, 5, 4.5], "texture": "#0"},
				"west": {"uv": [2.5, 2.5, 3.75, 4.5], "texture": "#0"},
				"up": {"uv": [2.5, 2.5, 1.25, 0], "texture": "#0"},
				"down": {"uv": [3.75, 0, 2.5, 2.5], "texture": "#0"}
			}
		},
		{
			"name": "head",
			"from": [6.5, 7.02, -7],
			"to": [9.5, 9.02, -5],
			"shade": false,
			"rotation": {"angle": 0, "axis": "y", "origin": [16, 8, 14]},
			"faces": {
				"north": {"uv": [0.5, 13, 1.25, 14], "texture": "#0"},
				"east": {"uv": [0, 13, 0.5, 14], "texture": "#0"},
				"south": {"uv": [0, 0, 0.25, 0.5], "texture": "#0"},
				"west": {"uv": [1.25, 13, 1.75, 14], "texture": "#0"},
				"up": {"uv": [0.5, 12, 1.25, 13], "rotation": 180, "texture": "#0"},
				"down": {"uv": [1.25, 12, 2, 13], "texture": "#0"}
			}
		},
		{
			"name": "body",
			"from": [6, 4.3, -1],
			"to": [10, 10.3, 15],
			"shade": false,
			"rotation": {"angle": 0, "axis": "x", "origin": [16, 31, 0]},
			"faces": {
				"north": {"uv": [7.5, 3, 6.5, 0], "rotation": 180, "texture": "#0"},
				"east": {"uv": [5, 3, 6.5, 11], "rotation": 90, "texture": "#0"},
				"south": {"uv": [8.5, 0, 7.5, 3], "texture": "#0"},
				"west": {"uv": [7.5, 3, 9, 11], "rotation": 270, "texture": "#0"},
				"up": {"uv": [9, 3, 10, 11], "texture": "#0"},
				"down": {"uv": [6.5, 3, 7.5, 11], "rotation": 180, "texture": "#0"}
			}
		},
		{
			"name": "tail1",
			"from": [7.5, 10.67878, 13.46716],
			"to": [8.5, 11.67878, 21.46716],
			"shade": false,
			"rotation": {"angle": 22.5, "axis": "x", "origin": [8, 8, 8]},
			"faces": {
				"north": {"uv": [0, 0, 0.25, 0.5], "rotation": 180, "texture": "#0"},
				"east": {"uv": [0, 8, 0.25, 12], "rotation": 90, "texture": "#0"},
				"south": {"uv": [1.25, 9.5, 1.5, 10], "texture": "#0"},
				"west": {"uv": [0.5, 8, 0.75, 12], "rotation": 270, "texture": "#0"},
				"up": {"uv": [0.75, 8, 1, 12], "texture": "#0"},
				"down": {"uv": [0.5, 12, 0.25, 8], "texture": "#0"}
			}
		},
		{
			"name": "tail2",
			"from": [7.51, 4, 23.5],
			"to": [8.49, 5, 31.5],
			"shade": false,
			"rotation": {"angle": -22.5, "axis": "x", "origin": [16, -1, 19]},
			"faces": {
				"north": {"uv": [2.75, 6, 3, 6.5], "rotation": 180, "texture": "#0"},
				"east": {"uv": [1, 8, 1.25, 12], "rotation": 90, "texture": "#0"},
				"south": {"uv": [5.5, 5.5, 5.75, 6], "texture": "#0"},
				"west": {"uv": [1.5, 8, 1.75, 12], "rotation": 270, "texture": "#0"},
				"up": {"uv": [1.75, 8, 2, 12], "texture": "#0"},
				"down": {"uv": [1.25, 8, 1.5, 12], "rotation": 180, "texture": "#0"}
			}
		},
		{
			"name": "backLegR",
			"from": [8.1, 0, 12],
			"to": [10.1, 6, 14],
			"shade": false,
			"rotation": {"angle": 0, "axis": "y", "origin": [0, 8, 14]},
			"faces": {
				"north": {"uv": [3, 7.5, 2.5, 10.5], "texture": "#0"},
				"east": {"uv": [3.5, 7.5, 3, 10.5], "texture": "#0"},
				"south": {"uv": [3.5, 7.5, 4, 10.5], "texture": "#0"},
				"west": {"uv": [2.5, 7.5, 2, 10.5], "texture": "#0"},
				"up": {"uv": [3, 6.5, 2.5, 7.5], "texture": "#0"},
				"down": {"uv": [3, 6.5, 2.5, 7.5], "texture": "#0"}
			}
		},
		{
			"name": "backLegR",
			"from": [5.9, 0, 12],
			"to": [7.9, 6, 14],
			"shade": false,
			"rotation": {"angle": 0, "axis": "y", "origin": [-3, 8, 14]},
			"faces": {
				"north": {"uv": [3, 7.5, 2.5, 10.5], "texture": "#0"},
				"east": {"uv": [3.5, 7.5, 3, 10.5], "texture": "#0"},
				"south": {"uv": [3.5, 7.5, 4, 10.5], "texture": "#0"},
				"west": {"uv": [2.5, 7.5, 2, 10.5], "texture": "#0"},
				"up": {"uv": [3, 6.5, 2.5, 7.5], "texture": "#0"},
				"down": {"uv": [3, 6.5, 2.5, 7.5], "texture": "#0"}
			}
		},
		{
			"name": "frontLegR",
			"from": [8.2, 0.2, 1],
			"to": [10.2, 10.2, 3],
			"shade": false,
			"rotation": {"angle": 0, "axis": "y", "origin": [16, 8, 14]},
			"faces": {
				"north": {"uv": [10.5, 1, 11, 6], "texture": "#0"},
				"east": {"uv": [10, 1, 10.5, 6], "texture": "#0"},
				"south": {"uv": [11.5, 1, 12, 6], "texture": "#0"},
				"west": {"uv": [11, 1, 11.5, 6], "texture": "#0"},
				"up": {"uv": [10.5, 0, 11, 1], "texture": "#0"},
				"down": {"uv": [11, 1, 10.5, 0], "texture": "#0"}
			}
		},
		{
			"name": "frontLegR",
			"from": [5.8, 0.2, 1],
			"to": [7.8, 10.2, 3],
			"shade": false,
			"rotation": {"angle": 0, "axis": "y", "origin": [16, 8, 14]},
			"faces": {
				"north": {"uv": [10.5, 1, 11, 6], "texture": "#0"},
				"east": {"uv": [10, 1, 10.5, 6], "texture": "#0"},
				"south": {"uv": [11.5, 1, 12, 6], "texture": "#0"},
				"west": {"uv": [11, 1, 11.5, 6], "texture": "#0"},
				"up": {"uv": [10.5, 0, 11, 1], "texture": "#0"},
				"down": {"uv": [11, 1, 10.5, 0], "texture": "#0"}
			}
		},
		{
			"name": "frontLegR",
			"from": [5.8, 0.2, 1],
			"to": [7.8, 10.2, 3],
			"shade": false,
			"rotation": {"angle": 0, "axis": "y", "origin": [16, 8, 14]},
			"faces": {
				"north": {"uv": [10.5, 1, 11, 6], "texture": "#0"},
				"east": {"uv": [10, 1, 10.5, 6], "texture": "#0"},
				"south": {"uv": [11.5, 1, 12, 6], "texture": "#0"},
				"west": {"uv": [11, 1, 11.5, 6], "texture": "#0"},
				"up": {"uv": [10.5, 0, 11, 1], "texture": "#0"},
				"down": {"uv": [11, 1, 10.5, 0], "texture": "#0"}
			}
		}
	],
	"display": {
		"thirdperson_righthand": {
			"rotation": [50, 50, 0],
			"translation": [0, 1, 0],
			"scale": [0.3, 0.3, 0.3]
		},
		"thirdperson_lefthand": {
			"rotation": [50, 50, 0],
			"translation": [0, 1, 0],
			"scale": [0.3, 0.3, 0.3]
		},
		"firstperson_righthand": {
			"rotation": [-10, 115, 5],
			"translation": [2.25, 3.25, 0],
			"scale": [0.5, 0.5, 0.5]
		},
		"firstperson_lefthand": {
			"rotation": [-10, 115, 5],
			"translation": [2.25, 3.25, 0],
			"scale": [0.5, 0.5, 0.5]
		},
		"ground": {
			"translation": [0, 1.5, 0],
			"scale": [0.3, 0.3, 0.3]
		},
		"gui": {
			"rotation": [25, 145, 0],
			"translation": [-0.5, 1, 0],
			"scale": [0.65, 0.65, 0.65]
		},
		"head": {
			"translation": [0, 10.25, 0],
			"scale": [0.5, 0.5, 0.5]
		},
		"fixed": {
			"rotation": [-90, 0, 0],
			"translation": [0, 0.5, -8]
		}
	}
}