{
	"credit": "Made by Vega_Senpai",
	"textures": {
		"0": "spawn_egg/tadpole"
	},
	"elements": [
		{
			"from": [6.5, 0, 6],
			"to": [9.5, 2, 9],
			"faces": {
				"north": {"uv": [3, 3, 6, 5], "texture": "#0"},
				"east": {"uv": [0, 3, 3, 5], "texture": "#0"},
				"south": {"uv": [9, 3, 12, 5], "texture": "#0"},
				"west": {"uv": [6, 3, 9, 5], "texture": "#0"},
				"up": {"uv": [6, 3, 3, 0], "texture": "#0"},
				"down": {"uv": [9, 0, 6, 3], "texture": "#0"}
			}
		},
		{
			"from": [8, 0, 9],
			"to": [8, 2, 16],
			"faces": {
				"north": {"uv": [7, 7, 7, 9], "texture": "#0"},
				"east": {"uv": [0, 7, 7, 9], "texture": "#0"},
				"south": {"uv": [14, 7, 14, 9], "texture": "#0"},
				"west": {"uv": [7, 7, 0, 9], "texture": "#0"},
				"up": {"uv": [7, 7, 7, 0], "texture": "#0"},
				"down": {"uv": [7, 0, 7, 7], "texture": "#0"}
			}
		}
	],
	"display": {
		"thirdperson_righthand": {
			"rotation": [50, 50, 0],
			"translation": [-1.25, 2.5, 2],
			"scale": [0.35, 0.35, 0.35]
		},
		"thirdperson_lefthand": {
			"rotation": [50, 50, 0],
			"translation": [-1.25, 2.5, 2],
			"scale": [0.35, 0.35, 0.35]
		},
		"firstperson_righthand": {
			"rotation": [10, 115, 0],
			"translation": [3.75, 4.5, 0],
			"scale": [0.5, 0.5, 0.5]
		},
		"firstperson_lefthand": {
			"rotation": [10, 115, 0],
			"translation": [3.75, 4.5, 0],
			"scale": [0.5, 0.5, 0.5]
		},
		"ground": {
			"translation": [0, 3, 0],
			"scale": [0.35, 0.35, 0.35]
		},
		"gui": {
			"rotation": [25, 145, 0],
			"translation": [-2, 11.25, 0],
			"scale": [2, 2, 2]
		},
		"head": {
			"translation": [0, 12, 0],
			"scale": [0.5, 0.5, 0.5]
		},
		"fixed": {
			"rotation": [-90, 0, 0],
			"translation": [0, 0, -12]
		}
	}
}