{
	"credit": "Made by Findrek_, https://dragonita-arboth.tumblr.com/, CEM template by Ewan Howell",
	"textures": {
		"0": "entity/axolotl/axolotl_lucy",
		"liquid": "block/water_still",
		"overlay": "item/water1",
		"base": "item/bucket3"
	},
	"elements": [
		{
			"name": "body",
			"from": [5.125, 2, 12.5],
			"to": [10.875, 9.5, 15.5],
			"rotation": {"angle": -45, "axis": "x", "origin": [8, -0.5, 8.5]},
			"faces": {
				"north": {"uv": [6.5, 2.75, 4.5, 5.25], "rotation": 180, "texture": "#0"},
				"east": {"uv": [0, 5.25, 2.5, 6.25], "rotation": 270, "texture": "#0"},
				"south": {"uv": [4.5, 5.25, 2.5, 2.75], "texture": "#0"},
				"west": {"uv": [4.5, 5.25, 7, 6.25], "rotation": 90, "texture": "#0"}
			}
		},
		{
			"name": "body",
			"from": [8, 2.75, 12.5],
			"to": [8, 8.75, 16.25],
			"rotation": {"angle": -45, "axis": "x", "origin": [8, -0.5, 8.5]},
			"faces": {
				"east": {"uv": [0.75, 6.5, 2.75, 7.75], "rotation": 270, "texture": "#0"},
				"west": {"uv": [2.75, 6.5, 0.75, 7.75], "rotation": 90, "texture": "#0"}
			}
		},
		{
			"name": "head",
			"from": [5, 9.25, 2.75],
			"to": [11, 13, 6.5],
			"rotation": {"angle": 0, "axis": "x", "origin": [8, -0.25, 8.5]},
			"faces": {
				"north": {"uv": [1.25, 1.5, 3.25, 2.75], "texture": "#0"},
				"east": {"uv": [0, 1.5, 1.25, 2.75], "texture": "#0"},
				"south": {"uv": [4.5, 1.5, 6.5, 2.75], "texture": "#0"},
				"west": {"uv": [3.25, 1.5, 4.5, 2.75], "texture": "#0"},
				"up": {"uv": [3.25, 1.5, 1.25, 0.25], "texture": "#0"},
				"down": {"uv": [5.25, 0.25, 3.25, 1.5], "texture": "#0"}
			}
		},
		{
			"name": "top_gills",
			"from": [5, 13, 5.75],
			"to": [11, 15.25, 5.75],
			"rotation": {"angle": 22.5, "axis": "x", "origin": [8, 13, 5.75]},
			"faces": {
				"north": {"uv": [0.75, 9.25, 2.75, 10], "texture": "#0"},
				"south": {"uv": [2.75, 9.25, 0.75, 10], "texture": "#0"}
			}
		},
		{
			"name": "left_gills",
			"from": [2.75, 9.25, 5.75],
			"to": [5, 14.5, 5.75],
			"rotation": {"angle": 22.5, "axis": "y", "origin": [5, 11.875, 5.75]},
			"faces": {
				"north": {"uv": [2.75, 10, 3.5, 11.75], "texture": "#0"},
				"south": {"uv": [3.5, 10, 2.75, 11.75], "texture": "#0"}
			}
		},
		{
			"name": "right_gills",
			"from": [11, 9.25, 5.75],
			"to": [13.25, 14.5, 5.75],
			"rotation": {"angle": -22.5, "axis": "y", "origin": [11, 11.875, 5.75]},
			"faces": {
				"north": {"uv": [0, 10, 0.75, 11.75], "texture": "#0"},
				"south": {"uv": [0.75, 10, 0, 11.75], "texture": "#0"}
			}
		},
		{
			"name": "front_left_leg",
			"from": [4.5, 4, 1],
			"to": [6.75, 7.75, 1],
			"rotation": {"angle": 22.5, "axis": "x", "origin": [8, 0.5, 8]},
			"faces": {
				"north": {"uv": [0.5, 3.25, 1.25, 4.5], "texture": "#0"},
				"south": {"uv": [1.25, 3.25, 2, 4.5], "texture": "#0"}
			}
		},
		{
			"name": "front_right_leg",
			"from": [9.25, 4, 1],
			"to": [11.5, 7.75, 1],
			"rotation": {"angle": 22.5, "axis": "x", "origin": [8, 0.5, 8]},
			"faces": {
				"north": {"uv": [0.5, 3.25, 1.25, 4.5], "texture": "#0"},
				"south": {"uv": [1.25, 3.25, 2, 4.5], "texture": "#0"}
			}
		},
		{
			"name": "liquid",
			"from": [5, 7.5, 5],
			"to": [11, 8.5, 11],
			"rotation": {"angle": 0, "axis": "y", "origin": [8, 12, 8]},
			"faces": {
				"up": {"uv": [5, 5, 11, 11], "texture": "#liquid"}
			}
		},
		{
			"name": "overlay",
			"from": [5, 7.5, 5],
			"to": [11, 8.5, 11],
			"rotation": {"angle": 0, "axis": "y", "origin": [8, 12, 8]},
			"faces": {
				"up": {"uv": [5, 5, 11, 11], "texture": "#overlay"}
			}
		},
		{
			"from": [4, 3, 4],
			"to": [12, 9, 5],
			"rotation": {"angle": 0, "axis": "y", "origin": [8, 4, 8]},
			"faces": {
				"north": {"uv": [16, 0, 0, 12], "texture": "#base"},
				"east": {"uv": [14, 0, 16, 12], "texture": "#base"},
				"south": {"uv": [12, 2, 16, 12], "texture": "#base"},
				"west": {"uv": [0, 0, 2, 12], "texture": "#base"},
				"up": {"uv": [0, 0, 16, 2], "texture": "#base"},
				"down": {"uv": [0, 10, 16, 12], "texture": "#base"}
			}
		},
		{
			"from": [11, 3, 4],
			"to": [12, 9, 12],
			"rotation": {"angle": 0, "axis": "y", "origin": [15, 4, 8]},
			"faces": {
				"north": {"uv": [14, 0, 16, 12], "texture": "#base"},
				"east": {"uv": [0, 0, 16, 12], "texture": "#base"},
				"south": {"uv": [0, 0, 2, 12], "texture": "#base"},
				"west": {"uv": [12, 2, 16, 12], "texture": "#base"},
				"up": {"uv": [0, 0, 16, 2], "rotation": 270, "texture": "#base"},
				"down": {"uv": [0, 10, 16, 12], "rotation": 90, "texture": "#base"}
			}
		},
		{
			"from": [4, 3, 11],
			"to": [12, 9, 12],
			"rotation": {"angle": 0, "axis": "y", "origin": [8, 4, 8]},
			"faces": {
				"north": {"uv": [12, 2, 16, 12], "texture": "#base"},
				"east": {"uv": [0, 0, 2, 12], "texture": "#base"},
				"south": {"uv": [16, 0, 0, 12], "texture": "#base"},
				"west": {"uv": [14, 0, 16, 12], "texture": "#base"},
				"up": {"uv": [0, 0, 16, 2], "rotation": 180, "texture": "#base"},
				"down": {"uv": [0, 10, 16, 12], "rotation": 180, "texture": "#base"}
			}
		},
		{
			"from": [4, 3, 4],
			"to": [5, 9, 12],
			"rotation": {"angle": 0, "axis": "y", "origin": [1, 4, 8]},
			"faces": {
				"north": {"uv": [0, 0, 2, 12], "texture": "#base"},
				"east": {"uv": [12, 2, 16, 12], "texture": "#base"},
				"south": {"uv": [14, 0, 16, 12], "texture": "#base"},
				"west": {"uv": [0, 0, 16, 12], "texture": "#base"},
				"up": {"uv": [0, 0, 16, 2], "rotation": 90, "texture": "#base"},
				"down": {"uv": [0, 10, 16, 12], "rotation": 270, "texture": "#base"}
			}
		},
		{
			"from": [5, 0, 5],
			"to": [11, 3, 11],
			"rotation": {"angle": 0, "axis": "y", "origin": [8, 0, 8]},
			"faces": {
				"north": {"uv": [14, 12, 2, 16], "texture": "#base"},
				"east": {"uv": [2, 12, 14, 16], "texture": "#base"},
				"south": {"uv": [14, 12, 2, 16], "texture": "#base"},
				"west": {"uv": [2, 12, 14, 16], "texture": "#base"},
				"up": {"uv": [12, 14, 14, 16], "rotation": 270, "texture": "#base"},
				"down": {"uv": [8, 14, 10, 16], "rotation": 90, "texture": "#base"}
			}
		},
		{
			"name": "drip1",
			"from": [6, 6.5, 3.99],
			"to": [8, 8.5, 4.51],
			"rotation": {"angle": 0, "axis": "y", "origin": [6, 8.5, -5]},
			"faces": {
				"north": {"uv": [0, 0, 2, 2], "texture": "#liquid"}
			}
		},
		{
			"name": "drip2",
			"from": [7, 4.5, 3.99],
			"to": [8, 5.5, 4.51],
			"rotation": {"angle": 0, "axis": "y", "origin": [7, 6.5, -5]},
			"faces": {
				"north": {"uv": [1, 3, 2, 4], "texture": "#liquid"}
			}
		},
		{
			"name": "drip3",
			"from": [3.99, 7.5, 9],
			"to": [4.51, 8.5, 10],
			"rotation": {"angle": 0, "axis": "y", "origin": [8, 15.5, 11]},
			"faces": {
				"west": {"uv": [9, 0, 10, 1], "texture": "#liquid"}
			}
		},
		{
			"name": "drip4",
			"from": [6, 5.5, 11.49],
			"to": [7, 6.5, 12.01],
			"rotation": {"angle": 0, "axis": "y", "origin": [8, 7.5, 20]},
			"faces": {
				"south": {"uv": [9, 0, 10, 1], "texture": "#liquid"}
			}
		},
		{
			"name": "drip1ov",
			"from": [6, 6.5, 3.99],
			"to": [8, 8.5, 4.51],
			"rotation": {"angle": 0, "axis": "y", "origin": [6, 8.5, -5]},
			"faces": {
				"north": {"uv": [0, 0, 2, 2], "texture": "#overlay"}
			}
		},
		{
			"name": "drip2ov",
			"from": [7, 4.5, 3.99],
			"to": [8, 5.5, 4.51],
			"rotation": {"angle": 0, "axis": "y", "origin": [7, 6.5, -5]},
			"faces": {
				"north": {"uv": [1, 3, 2, 4], "texture": "#overlay"}
			}
		},
		{
			"name": "drip3ov",
			"from": [3.99, 7.5, 9],
			"to": [4.51, 8.5, 10],
			"rotation": {"angle": 0, "axis": "y", "origin": [8, 15.5, 11]},
			"faces": {
				"west": {"uv": [9, 0, 10, 1], "texture": "#overlay"}
			}
		},
		{
			"name": "drip4ov",
			"from": [6, 5.5, 11.49],
			"to": [7, 6.5, 12.01],
			"rotation": {"angle": 0, "axis": "y", "origin": [8, 7.5, 20]},
			"faces": {
				"south": {"uv": [9, 0, 10, 1], "texture": "#overlay"}
			}
		},
		{
			"name": "handle",
			"from": [12, 0.5, 8],
			"to": [13, 8.5, 9],
			"rotation": {"angle": 45, "axis": "x", "origin": [8, 8.5, 8]},
			"faces": {
				"north": {"uv": [14, 14, 16, 16], "rotation": 90, "texture": "#base"},
				"east": {"uv": [14, 14, 16, 16], "rotation": 90, "texture": "#base"},
				"south": {"uv": [14, 14, 16, 16], "rotation": 90, "texture": "#base"},
				"west": {"uv": [14, 14, 16, 16], "rotation": 270, "texture": "#base"},
				"up": {"uv": [14, 14, 16, 16], "texture": "#base"},
				"down": {"uv": [14, 14, 16, 16], "rotation": 180, "texture": "#base"}
			}
		},
		{
			"name": "handle",
			"from": [4, 0.5, 8],
			"to": [12, 1.5, 9],
			"rotation": {"angle": 45, "axis": "x", "origin": [8, 8.5, 8]},
			"faces": {
				"north": {"uv": [14, 14, 16, 16], "rotation": 180, "texture": "#base"},
				"east": {"uv": [14, 14, 16, 16], "rotation": 90, "texture": "#base"},
				"south": {"uv": [14, 14, 16, 16], "texture": "#base"},
				"west": {"uv": [14, 14, 16, 16], "rotation": 270, "texture": "#base"},
				"up": {"uv": [14, 14, 16, 16], "texture": "#base"},
				"down": {"uv": [14, 14, 16, 16], "rotation": 180, "texture": "#base"}
			}
		},
		{
			"name": "handle",
			"from": [3, 0.5, 8],
			"to": [4, 8.5, 9],
			"rotation": {"angle": 45, "axis": "x", "origin": [8, 8.5, 8]},
			"faces": {
				"north": {"uv": [14, 14, 16, 16], "rotation": 90, "texture": "#base"},
				"east": {"uv": [14, 14, 16, 16], "rotation": 90, "texture": "#base"},
				"south": {"uv": [14, 14, 16, 16], "rotation": 90, "texture": "#base"},
				"west": {"uv": [14, 14, 16, 16], "rotation": 270, "texture": "#base"},
				"up": {"uv": [14, 14, 16, 16], "texture": "#base"},
				"down": {"uv": [14, 14, 16, 16], "rotation": 180, "texture": "#base"}
			}
		}
	],
	"display": {
		"thirdperson_righthand": {
			"rotation": [60, 45, 0],
			"translation": [0, 2.5, 0],
			"scale": [0.66, 0.66, 0.66]
		},
		"thirdperson_lefthand": {
			"rotation": [60, 45, 0],
			"translation": [0, 2.5, 0],
			"scale": [0.66, 0.66, 0.66]
		},
		"firstperson_righthand": {
			"rotation": [45, 105, -45],
			"translation": [-0.25, 3.5, 1.5],
			"scale": [0.66, 0.66, 0.66]
		},
		"firstperson_lefthand": {
			"rotation": [45, 105, -45],
			"translation": [-0.25, 3.5, 1.5],
			"scale": [0.66, 0.66, 0.66]
		},
		"ground": {
			"translation": [0, 3, 0],
			"scale": [0.66, 0.66, 0.66]
		},
		"gui": {
			"rotation": [30, 135, 0],
			"translation": [0, 1.5, 0],
			"scale": [1.05, 1.05, 1.05]
		},
		"head": {
			"translation": [0, 14.25, 0]
		},
		"fixed": {
			"rotation": [-90, 0, 0],
			"translation": [0, 0, -11],
			"scale": [1.5, 1.5, 1.5]
		}
	},
	"groups": [
		{
			"name": "axolotl",
			"origin": [0, 0, 0],
			"children": [0, 1, 2, 3, 4, 5, 6, 7]
		},
		{
			"name": "bucket5",
			"origin": [8, 8, 8],
			"children": [8, 9, 10, 11, 12, 13, 14, 15, 16, 17, 18, 19, 20, 21, 22, 23, 24, 25]
		}
	]
}