{
	"credit": "Made by Findrek_, https://dragonita-arboth.tumblr.com/",
	"textures": {
		"liquid": "item/air",
		"overlay": "item/air",
		"snow": "item/air",
		"base": "item/bucket3"
	},
	"elements": [
		{
			"name": "liquid",
			"from": [5, 7.5, 5],
			"to": [11, 8.5, 11],
			"rotation": {"angle": 0, "axis": "y", "origin": [8, 12, 8]},
			"faces": {
				"up": {"uv": [5, 5, 11, 11], "texture": "#liquid"}
			}
		},
		{
			"name": "overlay",
			"from": [5, 7.5, 5],
			"to": [11, 8.5, 11],
			"rotation": {"angle": 0, "axis": "y", "origin": [8, 12, 8]},
			"faces": {
				"up": {"uv": [5, 5, 11, 11], "texture": "#overlay"}
			}
		},
		{
			"name": "snow",
			"from": [5, 8, 5],
			"to": [11, 11, 11],
			"rotation": {"angle": 0, "axis": "y", "origin": [13, 16, 13]},
			"faces": {
				"north": {"uv": [5, 11, 11, 14], "texture": "#snow"},
				"east": {"uv": [2, 5, 5, 11], "rotation": 270, "texture": "#snow"},
				"south": {"uv": [5, 2, 11, 5], "rotation": 180, "texture": "#snow"},
				"west": {"uv": [11, 5, 14, 11], "rotation": 90, "texture": "#snow"},
				"up": {"uv": [5, 5, 11, 11], "texture": "#snow"}
			}
		},
		{
			"from": [4, 3, 4],
			"to": [12, 9, 5],
			"rotation": {"angle": 0, "axis": "y", "origin": [8, 4, 8]},
			"faces": {
				"north": {"uv": [16, 0, 0, 12], "texture": "#base"},
				"east": {"uv": [14, 0, 16, 12], "texture": "#base"},
				"south": {"uv": [12, 2, 16, 12], "texture": "#base"},
				"west": {"uv": [0, 0, 2, 12], "texture": "#base"},
				"up": {"uv": [0, 0, 16, 2], "texture": "#base"},
				"down": {"uv": [0, 10, 16, 12], "texture": "#base"}
			}
		},
		{
			"from": [11, 3, 4],
			"to": [12, 9, 12],
			"rotation": {"angle": 0, "axis": "y", "origin": [15, 4, 8]},
			"faces": {
				"north": {"uv": [14, 0, 16, 12], "texture": "#base"},
				"east": {"uv": [0, 0, 16, 12], "texture": "#base"},
				"south": {"uv": [0, 0, 2, 12], "texture": "#base"},
				"west": {"uv": [12, 2, 16, 12], "texture": "#base"},
				"up": {"uv": [0, 0, 16, 2], "rotation": 270, "texture": "#base"},
				"down": {"uv": [0, 10, 16, 12], "rotation": 90, "texture": "#base"}
			}
		},
		{
			"from": [4, 3, 11],
			"to": [12, 9, 12],
			"rotation": {"angle": 0, "axis": "y", "origin": [8, 4, 8]},
			"faces": {
				"north": {"uv": [12, 2, 16, 12], "texture": "#base"},
				"east": {"uv": [0, 0, 2, 12], "texture": "#base"},
				"south": {"uv": [16, 0, 0, 12], "texture": "#base"},
				"west": {"uv": [14, 0, 16, 12], "texture": "#base"},
				"up": {"uv": [0, 0, 16, 2], "rotation": 180, "texture": "#base"},
				"down": {"uv": [0, 10, 16, 12], "rotation": 180, "texture": "#base"}
			}
		},
		{
			"from": [4, 3, 4],
			"to": [5, 9, 12],
			"rotation": {"angle": 0, "axis": "y", "origin": [1, 4, 8]},
			"faces": {
				"north": {"uv": [0, 0, 2, 12], "texture": "#base"},
				"east": {"uv": [12, 2, 16, 12], "texture": "#base"},
				"south": {"uv": [14, 0, 16, 12], "texture": "#base"},
				"west": {"uv": [0, 0, 16, 12], "texture": "#base"},
				"up": {"uv": [0, 0, 16, 2], "rotation": 90, "texture": "#base"},
				"down": {"uv": [0, 10, 16, 12], "rotation": 270, "texture": "#base"}
			}
		},
		{
			"from": [5, 0, 5],
			"to": [11, 3, 11],
			"rotation": {"angle": 0, "axis": "y", "origin": [8, 0, 8]},
			"faces": {
				"north": {"uv": [14, 12, 2, 16], "texture": "#base"},
				"east": {"uv": [2, 12, 14, 16], "texture": "#base"},
				"south": {"uv": [14, 12, 2, 16], "texture": "#base"},
				"west": {"uv": [2, 12, 14, 16], "texture": "#base"},
				"up": {"uv": [12, 14, 14, 16], "rotation": 270, "texture": "#base"},
				"down": {"uv": [8, 14, 10, 16], "rotation": 90, "texture": "#base"}
			}
		},
		{
			"name": "drip1",
			"from": [6, 6.5, 3.99],
			"to": [8, 8.5, 4.51],
			"rotation": {"angle": 0, "axis": "y", "origin": [6, 8.5, -5]},
			"faces": {
				"north": {"uv": [0, 0, 2, 2], "texture": "#liquid"}
			}
		},
		{
			"name": "drip2",
			"from": [7, 4.5, 3.99],
			"to": [8, 5.5, 4.51],
			"rotation": {"angle": 0, "axis": "y", "origin": [7, 6.5, -5]},
			"faces": {
				"north": {"uv": [1, 3, 2, 4], "texture": "#liquid"}
			}
		},
		{
			"name": "drip3",
			"from": [3.99, 7.5, 9],
			"to": [4.51, 8.5, 10],
			"rotation": {"angle": 0, "axis": "y", "origin": [8, 15.5, 11]},
			"faces": {
				"west": {"uv": [9, 0, 10, 1], "texture": "#liquid"}
			}
		},
		{
			"name": "drip4",
			"from": [6, 5.5, 11.49],
			"to": [7, 6.5, 12.01],
			"rotation": {"angle": 0, "axis": "y", "origin": [8, 7.5, 20]},
			"faces": {
				"south": {"uv": [9, 0, 10, 1], "texture": "#liquid"}
			}
		},
		{
			"name": "drip1ov",
			"from": [6, 6.5, 3.99],
			"to": [8, 8.5, 4.51],
			"rotation": {"angle": 0, "axis": "y", "origin": [6, 8.5, -5]},
			"faces": {
				"north": {"uv": [0, 0, 2, 2], "texture": "#overlay"}
			}
		},
		{
			"name": "drip2ov",
			"from": [7, 4.5, 3.99],
			"to": [8, 5.5, 4.51],
			"rotation": {"angle": 0, "axis": "y", "origin": [7, 6.5, -5]},
			"faces": {
				"north": {"uv": [1, 3, 2, 4], "texture": "#overlay"}
			}
		},
		{
			"name": "drip3ov",
			"from": [3.99, 7.5, 9],
			"to": [4.51, 8.5, 10],
			"rotation": {"angle": 0, "axis": "y", "origin": [8, 15.5, 11]},
			"faces": {
				"west": {"uv": [9, 0, 10, 1], "texture": "#overlay"}
			}
		},
		{
			"name": "drip4ov",
			"from": [6, 5.5, 11.49],
			"to": [7, 6.5, 12.01],
			"rotation": {"angle": 0, "axis": "y", "origin": [8, 7.5, 20]},
			"faces": {
				"south": {"uv": [9, 0, 10, 1], "texture": "#overlay"}
			}
		},
		{
			"from": [6, 8, 3.5],
			"to": [8, 10, 5.5],
			"rotation": {"angle": 0, "axis": "y", "origin": [6, 8, 8]},
			"faces": {
				"north": {"uv": [5, 12, 7, 14], "texture": "#snow"},
				"east": {"uv": [3, 12, 5, 14], "texture": "#snow"},
				"west": {"uv": [7, 12, 9, 14], "texture": "#snow"},
				"up": {"uv": [5, 10, 7, 12], "rotation": 180, "texture": "#snow"},
				"down": {"uv": [3, 15, 5, 16], "texture": "#snow"}
			}
		},
		{
			"from": [7, 6, 3.5],
			"to": [8, 7, 4.5],
			"rotation": {"angle": 0, "axis": "y", "origin": [7, 8, 8]},
			"faces": {
				"north": {"uv": [6, 14, 7, 15], "texture": "#snow"},
				"east": {"uv": [5, 14, 6, 15], "texture": "#snow"},
				"west": {"uv": [7, 14, 8, 15], "texture": "#snow"},
				"up": {"uv": [6, 13, 7, 14], "rotation": 180, "texture": "#snow"},
				"down": {"uv": [6, 15, 7, 16], "texture": "#snow"}
			}
		},
		{
			"from": [11, 9, 7],
			"to": [12, 10, 9],
			"rotation": {"angle": 0, "axis": "y", "origin": [8, 8, 7]},
			"faces": {
				"north": {"uv": [3, 7, 4, 8], "texture": "#snow"},
				"east": {"uv": [1, 7, 3, 8], "texture": "#snow"},
				"south": {"uv": [0, 7, 1, 8], "texture": "#snow"},
				"up": {"uv": [1, 7, 3, 8], "rotation": 270, "texture": "#snow"}
			}
		},
		{
			"from": [4, 9, 8],
			"to": [5, 10, 10],
			"rotation": {"angle": 0, "axis": "y", "origin": [8, 8, 9]},
			"faces": {
				"north": {"uv": [0, 7, 1, 8], "texture": "#snow"},
				"south": {"uv": [3, 7, 4, 8], "texture": "#snow"},
				"west": {"uv": [1, 7, 3, 8], "texture": "#snow"},
				"up": {"uv": [1, 7, 3, 8], "rotation": 90, "texture": "#snow"}
			}
		},
		{
			"name": "handle",
			"from": [12, 0.5, 8],
			"to": [13, 8.5, 9],
			"rotation": {"angle": 45, "axis": "x", "origin": [8, 8.5, 8]},
			"faces": {
				"north": {"uv": [14, 14, 16, 16], "rotation": 90, "texture": "#base"},
				"east": {"uv": [14, 14, 16, 16], "rotation": 90, "texture": "#base"},
				"south": {"uv": [14, 14, 16, 16], "rotation": 90, "texture": "#base"},
				"west": {"uv": [14, 14, 16, 16], "rotation": 270, "texture": "#base"},
				"up": {"uv": [14, 14, 16, 16], "texture": "#base"},
				"down": {"uv": [14, 14, 16, 16], "rotation": 180, "texture": "#base"}
			}
		},
		{
			"name": "handle",
			"from": [4, 0.5, 8],
			"to": [12, 1.5, 9],
			"rotation": {"angle": 45, "axis": "x", "origin": [8, 8.5, 8]},
			"faces": {
				"north": {"uv": [14, 14, 16, 16], "rotation": 180, "texture": "#base"},
				"east": {"uv": [14, 14, 16, 16], "rotation": 90, "texture": "#base"},
				"south": {"uv": [14, 14, 16, 16], "texture": "#base"},
				"west": {"uv": [14, 14, 16, 16], "rotation": 270, "texture": "#base"},
				"up": {"uv": [14, 14, 16, 16], "texture": "#base"},
				"down": {"uv": [14, 14, 16, 16], "rotation": 180, "texture": "#base"}
			}
		},
		{
			"name": "handle",
			"from": [3, 0.5, 8],
			"to": [4, 8.5, 9],
			"rotation": {"angle": 45, "axis": "x", "origin": [8, 8.5, 8]},
			"faces": {
				"north": {"uv": [14, 14, 16, 16], "rotation": 90, "texture": "#base"},
				"east": {"uv": [14, 14, 16, 16], "rotation": 90, "texture": "#base"},
				"south": {"uv": [14, 14, 16, 16], "rotation": 90, "texture": "#base"},
				"west": {"uv": [14, 14, 16, 16], "rotation": 270, "texture": "#base"},
				"up": {"uv": [14, 14, 16, 16], "texture": "#base"},
				"down": {"uv": [14, 14, 16, 16], "rotation": 180, "texture": "#base"}
			}
		}
	],
	"display": {
		"thirdperson_righthand": {
			"rotation": [60, 45, 0],
			"translation": [0, 2.5, 0],
			"scale": [0.66, 0.66, 0.66]
		},
		"thirdperson_lefthand": {
			"rotation": [60, 45, 0],
			"translation": [0, 2.5, 0],
			"scale": [0.66, 0.66, 0.66]
		},
		"firstperson_righthand": {
			"rotation": [45, 105, -45],
			"translation": [-0.25, 4.5, 1.5],
			"scale": [0.66, 0.66, 0.66]
		},
		"firstperson_lefthand": {
			"rotation": [45, 105, -45],
			"translation": [-0.25, 4.5, 1.5],
			"scale": [0.66, 0.66, 0.66]
		},
		"ground": {
			"translation": [0, 3, 0],
			"scale": [0.66, 0.66, 0.66]
		},
		"gui": {
			"rotation": [30, 135, 0],
			"translation": [0, 2.5, 0],
			"scale": [1.05, 1.05, 1.05]
		},
		"head": {
			"translation": [0, 14.25, 0]
		},
		"fixed": {
			"rotation": [-90, 0, 0],
			"translation": [0, 0, -11],
			"scale": [1.5, 1.5, 1.5]
		}
	}
}