{
	"credit": "Made by Findrek_, https://dragonita-arboth.tumblr.com/",
	"textures": {
		"0": "entity/fish/salmon",
		"overlay": "item/air",
		"fins": "entity/fish/salmon",
		"particle": "item/salmon"
	},
	"elements": [
		{
			"from": [-3, 0.5, 7],
			"to": [0, 4.5, 9],
			"faces": {
				"north": {"uv": [11, 1.5, 12.5, 3.5], "texture": "#0"},
				"south": {"uv": [13.5, 1.5, 15, 3.5], "texture": "#0"},
				"west": {"uv": [12.5, 1.5, 13.5, 3.5], "texture": "#0"},
				"up": {"uv": [12.5, 0, 13.5, 1.5], "rotation": 90, "texture": "#0"},
				"down": {"uv": [13.5, 0, 14.5, 1.5], "rotation": 90, "texture": "#0"}
			}
		},
		{
			"from": [0, 0, 6.5],
			"to": [8, 5, 9.5],
			"faces": {
				"north": {"uv": [0, 4, 4, 6.5], "texture": "#0"},
				"south": {"uv": [5.5, 4, 9.5, 6.5], "texture": "#0"},
				"west": {"uv": [4, 4, 5.5, 6.5], "texture": "#0"},
				"up": {"uv": [4, 0, 5.5, 4], "rotation": 90, "texture": "#0"},
				"down": {"uv": [5.5, 0, 7, 4], "rotation": 90, "texture": "#0"}
			}
		},
		{
			"from": [0, 0, 6.5],
			"to": [8, 5, 9.5],
			"faces": {
				"north": {"uv": [0, 4, 4, 6.5], "texture": "#overlay"},
				"south": {"uv": [5.5, 4, 9.5, 6.5], "texture": "#overlay"},
				"west": {"uv": [4, 4, 5.5, 6.5], "texture": "#overlay"},
				"up": {"uv": [4, 0, 5.5, 4], "rotation": 90, "texture": "#overlay"},
				"down": {"uv": [5.5, 0, 7, 4], "rotation": 90, "texture": "#overlay"}
			}
		},
		{
			"from": [8, 0, 6.5],
			"to": [16, 5, 9.5],
			"faces": {
				"north": {"uv": [0, 10.5, 4, 13], "texture": "#0"},
				"east": {"uv": [9.5, 10.5, 11, 13], "texture": "#0"},
				"south": {"uv": [5.5, 10.5, 9.5, 13], "texture": "#0"},
				"up": {"uv": [4, 6.5, 5.5, 10.5], "rotation": 90, "texture": "#0"},
				"down": {"uv": [5.5, 6.5, 7, 10.5], "rotation": 90, "texture": "#0"}
			}
		},
		{
			"from": [8, 0, 6.5],
			"to": [16, 5, 9.5],
			"faces": {
				"north": {"uv": [0, 10.5, 4, 13], "texture": "#overlay"},
				"east": {"uv": [9.5, 10.5, 11, 13], "texture": "#overlay"},
				"south": {"uv": [5.5, 10.5, 9.5, 13], "texture": "#overlay"},
				"up": {"uv": [4, 6.5, 5.5, 10.5], "rotation": 90, "texture": "#overlay"},
				"down": {"uv": [5.5, 6.5, 7, 10.5], "rotation": 90, "texture": "#overlay"}
			}
		},
		{
			"from": [16, 0, 8],
			"to": [22, 5, 8],
			"faces": {
				"north": {"uv": [16, 8, 13, 10.5], "texture": "#0"},
				"south": {"uv": [13, 8, 16, 10.5], "texture": "#0"}
			}
		},
		{
			"from": [6, 5, 8],
			"to": [8, 7, 8],
			"faces": {
				"north": {"uv": [4, 2, 3, 3], "texture": "#0"},
				"south": {"uv": [3, 2, 4, 3], "texture": "#0"}
			}
		},
		{
			"from": [8, 5, 8],
			"to": [11, 7, 8],
			"faces": {
				"north": {"uv": [4, 3, 2.5, 4], "texture": "#0"},
				"south": {"uv": [2.5, 3, 4, 4], "texture": "#0"}
			}
		},
		{
			"from": [0, 1, 9.5],
			"to": [2, 1, 11.5],
			"rotation": {"angle": 45, "axis": "x", "origin": [1, 1, 9.5]},
			"faces": {
				"up": {"uv": [2, 0, 3, 1], "rotation": 90, "texture": "#fins"},
				"down": {"uv": [3, 0, 2, 1], "rotation": 90, "texture": "#fins"}
			}
		},
		{
			"from": [0, 1, 4.5],
			"to": [2, 1, 6.5],
			"rotation": {"angle": -45, "axis": "x", "origin": [1, 1, 6.5]},
			"faces": {
				"up": {"uv": [3, 0, 2, 1], "rotation": 90, "texture": "#fins"},
				"down": {"uv": [2, 0, 3, 1], "rotation": 90, "texture": "#fins"}
			}
		}
	],
	"display": {
		"thirdperson_righthand": {
			"rotation": [60, -45, -45],
			"translation": [2.5, 1, 3.5],
			"scale": [0.66, 0.66, 0.66]
		},
		"thirdperson_lefthand": {
			"rotation": [60, 135, 45],
			"translation": [2.5, 1, 3.5],
			"scale": [0.66, 0.66, 0.66]
		},
		"firstperson_righthand": {
			"rotation": [30, -90, 0],
			"translation": [4, 5, 5]
		},
		"firstperson_lefthand": {
			"rotation": [30, 90, 0],
			"translation": [4, 5, 5]
		},
		"ground": {
			"translation": [0, 4, 0],
			"scale": [0.66, 0.66, 0.66]
		},
		"gui": {
			"rotation": [30, 135, 0],
			"translation": [0.5, 4.5, 0],
			"scale": [0.9, 0.9, 0.9]
		},
		"head": {
			"rotation": [90, 0, 90],
			"translation": [-5.5, 7.9, -0.5]
		},
		"fixed": {
			"translation": [0, 9, -2.5],
			"scale": [1.66, 1.66, 1.66]
		}
	}
}