{
	"credit": "Made by Findrek_, https://dragonita-arboth.tumblr.com/, CEM template by Ewan Howell",
	"textures": {
		"0": "entity/fish/a1",
		"liquid": "block/water_still",
		"overlay": "item/water1",
		"base": "item/bucket3"
	},
	"elements": [
		{
			"name": "liquid",
			"from": [5, 7.5, 5],
			"to": [11, 8.5, 11],
			"rotation": {"angle": 0, "axis": "y", "origin": [8, 12, 8]},
			"faces": {
				"up": {"uv": [5, 5, 11, 11], "texture": "#liquid"}
			}
		},
		{
			"name": "overlay",
			"from": [5, 7.5, 5],
			"to": [11, 8.5, 11],
			"rotation": {"angle": 0, "axis": "y", "origin": [8, 12, 8]},
			"faces": {
				"up": {"uv": [5, 5, 11, 11], "texture": "#overlay"}
			}
		},
		{
			"from": [4, 3, 4],
			"to": [12, 9, 5],
			"rotation": {"angle": 0, "axis": "y", "origin": [8, 4, 8]},
			"faces": {
				"north": {"uv": [16, 0, 0, 12], "texture": "#base"},
				"east": {"uv": [14, 0, 16, 12], "texture": "#base"},
				"south": {"uv": [12, 2, 16, 12], "texture": "#base"},
				"west": {"uv": [0, 0, 2, 12], "texture": "#base"},
				"up": {"uv": [0, 0, 16, 2], "texture": "#base"},
				"down": {"uv": [0, 10, 16, 12], "texture": "#base"}
			}
		},
		{
			"from": [11, 3, 4],
			"to": [12, 9, 12],
			"rotation": {"angle": 0, "axis": "y", "origin": [15, 4, 8]},
			"faces": {
				"north": {"uv": [14, 0, 16, 12], "texture": "#base"},
				"east": {"uv": [0, 0, 16, 12], "texture": "#base"},
				"south": {"uv": [0, 0, 2, 12], "texture": "#base"},
				"west": {"uv": [12, 2, 16, 12], "texture": "#base"},
				"up": {"uv": [0, 0, 16, 2], "rotation": 270, "texture": "#base"},
				"down": {"uv": [0, 10, 16, 12], "rotation": 90, "texture": "#base"}
			}
		},
		{
			"from": [4, 3, 11],
			"to": [12, 9, 12],
			"rotation": {"angle": 0, "axis": "y", "origin": [8, 4, 8]},
			"faces": {
				"north": {"uv": [12, 2, 16, 12], "texture": "#base"},
				"east": {"uv": [0, 0, 2, 12], "texture": "#base"},
				"south": {"uv": [16, 0, 0, 12], "texture": "#base"},
				"west": {"uv": [14, 0, 16, 12], "texture": "#base"},
				"up": {"uv": [0, 0, 16, 2], "rotation": 180, "texture": "#base"},
				"down": {"uv": [0, 10, 16, 12], "rotation": 180, "texture": "#base"}
			}
		},
		{
			"from": [4, 3, 4],
			"to": [5, 9, 12],
			"rotation": {"angle": 0, "axis": "y", "origin": [1, 4, 8]},
			"faces": {
				"north": {"uv": [0, 0, 2, 12], "texture": "#base"},
				"east": {"uv": [12, 2, 16, 12], "texture": "#base"},
				"south": {"uv": [14, 0, 16, 12], "texture": "#base"},
				"west": {"uv": [0, 0, 16, 12], "texture": "#base"},
				"up": {"uv": [0, 0, 16, 2], "rotation": 90, "texture": "#base"},
				"down": {"uv": [0, 10, 16, 12], "rotation": 270, "texture": "#base"}
			}
		},
		{
			"from": [5, 0, 5],
			"to": [11, 3, 11],
			"rotation": {"angle": 0, "axis": "y", "origin": [8, 0, 8]},
			"faces": {
				"north": {"uv": [14, 12, 2, 16], "texture": "#base"},
				"east": {"uv": [2, 12, 14, 16], "texture": "#base"},
				"south": {"uv": [14, 12, 2, 16], "texture": "#base"},
				"west": {"uv": [2, 12, 14, 16], "texture": "#base"},
				"up": {"uv": [12, 14, 14, 16], "rotation": 270, "texture": "#base"},
				"down": {"uv": [8, 14, 10, 16], "rotation": 90, "texture": "#base"}
			}
		},
		{
			"name": "drip1",
			"from": [6, 6.5, 3.99],
			"to": [8, 8.5, 4.51],
			"rotation": {"angle": 0, "axis": "y", "origin": [6, 8.5, -5]},
			"faces": {
				"north": {"uv": [0, 0, 2, 2], "texture": "#liquid"}
			}
		},
		{
			"name": "drip2",
			"from": [7, 4.5, 3.99],
			"to": [8, 5.5, 4.51],
			"rotation": {"angle": 0, "axis": "y", "origin": [7, 6.5, -5]},
			"faces": {
				"north": {"uv": [1, 3, 2, 4], "texture": "#liquid"}
			}
		},
		{
			"name": "drip3",
			"from": [3.99, 7.5, 9],
			"to": [4.51, 8.5, 10],
			"rotation": {"angle": 0, "axis": "y", "origin": [8, 15.5, 11]},
			"faces": {
				"west": {"uv": [9, 0, 10, 1], "texture": "#liquid"}
			}
		},
		{
			"name": "drip4",
			"from": [6, 5.5, 11.49],
			"to": [7, 6.5, 12.01],
			"rotation": {"angle": 0, "axis": "y", "origin": [8, 7.5, 20]},
			"faces": {
				"south": {"uv": [9, 0, 10, 1], "texture": "#liquid"}
			}
		},
		{
			"name": "drip1ov",
			"from": [6, 6.5, 3.99],
			"to": [8, 8.5, 4.51],
			"rotation": {"angle": 0, "axis": "y", "origin": [6, 8.5, -5]},
			"faces": {
				"north": {"uv": [0, 0, 2, 2], "texture": "#overlay"}
			}
		},
		{
			"name": "drip2ov",
			"from": [7, 4.5, 3.99],
			"to": [8, 5.5, 4.51],
			"rotation": {"angle": 0, "axis": "y", "origin": [7, 6.5, -5]},
			"faces": {
				"north": {"uv": [1, 3, 2, 4], "texture": "#overlay"}
			}
		},
		{
			"name": "drip3ov",
			"from": [3.99, 7.5, 9],
			"to": [4.51, 8.5, 10],
			"rotation": {"angle": 0, "axis": "y", "origin": [8, 15.5, 11]},
			"faces": {
				"west": {"uv": [9, 0, 10, 1], "texture": "#overlay"}
			}
		},
		{
			"name": "drip4ov",
			"from": [6, 5.5, 11.49],
			"to": [7, 6.5, 12.01],
			"rotation": {"angle": 0, "axis": "y", "origin": [8, 7.5, 20]},
			"faces": {
				"south": {"uv": [9, 0, 10, 1], "texture": "#overlay"}
			}
		},
		{
			"name": "handle",
			"from": [12, 0.5, 8],
			"to": [13, 8.5, 9],
			"rotation": {"angle": 45, "axis": "x", "origin": [8, 8.5, 8]},
			"faces": {
				"north": {"uv": [14, 14, 16, 16], "rotation": 90, "texture": "#base"},
				"east": {"uv": [14, 14, 16, 16], "rotation": 90, "texture": "#base"},
				"south": {"uv": [14, 14, 16, 16], "rotation": 90, "texture": "#base"},
				"west": {"uv": [14, 14, 16, 16], "rotation": 270, "texture": "#base"},
				"up": {"uv": [14, 14, 16, 16], "texture": "#base"},
				"down": {"uv": [14, 14, 16, 16], "rotation": 180, "texture": "#base"}
			}
		},
		{
			"name": "handle",
			"from": [4, 0.5, 8],
			"to": [12, 1.5, 9],
			"rotation": {"angle": 45, "axis": "x", "origin": [8, 8.5, 8]},
			"faces": {
				"north": {"uv": [14, 14, 16, 16], "rotation": 180, "texture": "#base"},
				"east": {"uv": [14, 14, 16, 16], "rotation": 90, "texture": "#base"},
				"south": {"uv": [14, 14, 16, 16], "texture": "#base"},
				"west": {"uv": [14, 14, 16, 16], "rotation": 270, "texture": "#base"},
				"up": {"uv": [14, 14, 16, 16], "texture": "#base"},
				"down": {"uv": [14, 14, 16, 16], "rotation": 180, "texture": "#base"}
			}
		},
		{
			"name": "handle",
			"from": [3, 0.5, 8],
			"to": [4, 8.5, 9],
			"rotation": {"angle": 45, "axis": "x", "origin": [8, 8.5, 8]},
			"faces": {
				"north": {"uv": [14, 14, 16, 16], "rotation": 90, "texture": "#base"},
				"east": {"uv": [14, 14, 16, 16], "rotation": 90, "texture": "#base"},
				"south": {"uv": [14, 14, 16, 16], "rotation": 90, "texture": "#base"},
				"west": {"uv": [14, 14, 16, 16], "rotation": 270, "texture": "#base"},
				"up": {"uv": [14, 14, 16, 16], "texture": "#base"},
				"down": {"uv": [14, 14, 16, 16], "rotation": 180, "texture": "#base"}
			}
		},
		{
			"name": "left_fin",
			"from": [5, 6, 9],
			"to": [5, 8, 11],
			"rotation": {"angle": -45, "axis": "z", "origin": [8, 5, 8]},
			"faces": {
				"east": {"uv": [2, 6, 1, 7], "texture": "#0"},
				"west": {"uv": [1, 6, 2, 7], "texture": "#0"}
			}
		},
		{
			"name": "right_fin",
			"from": [5, 6, 5],
			"to": [5, 8, 7],
			"rotation": {"angle": -45, "axis": "z", "origin": [8, 5, 8]},
			"faces": {
				"east": {"uv": [2, 8, 1, 9], "texture": "#0"},
				"west": {"uv": [1, 8, 2, 9], "texture": "#0"}
			}
		},
		{
			"name": "body",
			"from": [2, 6, 7],
			"to": [8, 9, 9],
			"rotation": {"angle": -45, "axis": "z", "origin": [8, 5, 8]},
			"faces": {
				"north": {"uv": [0, 3, 3, 4.5], "texture": "#0"},
				"east": {"uv": [7, 3, 8, 4.5], "texture": "#0"},
				"south": {"uv": [4, 3, 7, 4.5], "texture": "#0"},
				"west": {"uv": [3, 3, 4, 4.5], "texture": "#0"},
				"up": {"uv": [4, 3, 3, 0], "rotation": 270, "texture": "#0"},
				"down": {"uv": [5, 0, 4, 3], "rotation": 90, "texture": "#0"}
			}
		},
		{
			"name": "fin_top",
			"from": [2, 9, 8],
			"to": [8, 13, 8],
			"rotation": {"angle": -45, "axis": "z", "origin": [8, 5, 8]},
			"faces": {
				"north": {"uv": [11, 0, 8, 2], "texture": "#0"},
				"south": {"uv": [8, 0, 11, 2], "texture": "#0"}
			}
		},
		{
			"name": "body",
			"from": [5, 6.5, 7],
			"to": [11, 12.5, 9],
			"rotation": {"angle": 0, "axis": "y", "origin": [12, 5.5, 8]},
			"faces": {
				"north": {"uv": [0, 13, 3, 16], "texture": "#0"},
				"east": {"uv": [7, 13, 8, 16], "texture": "#0"},
				"south": {"uv": [4, 13, 7, 16], "texture": "#0"},
				"west": {"uv": [3, 13, 4, 16], "texture": "#0"},
				"up": {"uv": [4, 13, 3, 10], "rotation": 270, "texture": "#0"},
				"down": {"uv": [5, 10, 4, 13], "rotation": 90, "texture": "#0"}
			}
		},
		{
			"name": "fin_top",
			"from": [5, 12.5, 8],
			"to": [11, 16.5, 8],
			"rotation": {"angle": 0, "axis": "y", "origin": [12, 5.5, 8]},
			"faces": {
				"north": {"uv": [10, 8.5, 13, 10.5], "texture": "#0"},
				"south": {"uv": [13, 8.5, 10, 10.5], "texture": "#0"}
			}
		},
		{
			"name": "left_fin",
			"from": [8, 7, 9],
			"to": [8, 9, 11],
			"rotation": {"angle": 22.5, "axis": "y", "origin": [8, 8, 9]},
			"faces": {
				"east": {"uv": [1, 6, 0, 7], "texture": "#0"},
				"west": {"uv": [0, 6, 1, 7], "texture": "#0"}
			}
		},
		{
			"name": "right_fin",
			"from": [8, 7, 5],
			"to": [8, 9, 7],
			"rotation": {"angle": -22.5, "axis": "y", "origin": [8, 8, 7]},
			"faces": {
				"east": {"uv": [1, 8, 0, 9], "texture": "#0"},
				"west": {"uv": [0, 8, 1, 9], "texture": "#0"}
			}
		},
		{
			"from": [11, 6.5, 8],
			"to": [17, 12.5, 8],
			"rotation": {"angle": 0, "axis": "z", "origin": [11, 9.5, 8]},
			"faces": {
				"north": {"uv": [10, 10.5, 13, 13.5], "texture": "#0"},
				"south": {"uv": [13, 10.5, 10, 13.5], "texture": "#0"}
			}
		}
	],
	"display": {
		"thirdperson_righthand": {
			"rotation": [60, 45, 0],
			"translation": [0, 2.5, 0],
			"scale": [0.66, 0.66, 0.66]
		},
		"thirdperson_lefthand": {
			"rotation": [60, 45, 0],
			"translation": [0, 2.5, 0],
			"scale": [0.66, 0.66, 0.66]
		},
		"firstperson_righthand": {
			"rotation": [45, 105, -45],
			"translation": [-0.25, 3.5, 1.5],
			"scale": [0.66, 0.66, 0.66]
		},
		"firstperson_lefthand": {
			"rotation": [45, 105, -45],
			"translation": [-0.25, 3.5, 1.5],
			"scale": [0.66, 0.66, 0.66]
		},
		"ground": {
			"translation": [0, 3, 0],
			"scale": [0.66, 0.66, 0.66]
		},
		"gui": {
			"rotation": [30, 135, 0],
			"translation": [0, 1.5, 0],
			"scale": [1.05, 1.05, 1.05]
		},
		"head": {
			"translation": [0, 14.25, 0]
		},
		"fixed": {
			"rotation": [-90, 0, 0],
			"translation": [0, 0, -11],
			"scale": [1.5, 1.5, 1.5]
		}
	},
	"groups": [
		{
			"name": "bucket5",
			"origin": [8, 8, 8],
			"children": [0, 1, 2, 3, 4, 5, 6, 7, 8, 9, 10, 11, 12, 13, 14, 15, 16, 17]
		},
		{
			"name": "Fish A",
			"origin": [0, 0, 0],
			"children": [18, 19, 20, 21]
		},
		{
			"name": "Fish B",
			"origin": [0, 0, 0],
			"children": [22, 23, 24, 25, 26]
		}
	]
}